START TIME: Sat May  9 15:20:31 CEST 2026
TRAINING_CMD: python -m torch.distributed.run     --nproc-per-node 4     --nnodes 4     --rdzv_endpoint nid006008:45654     --rdzv_backend c10d     --max_restarts 0     --tee 3     --node-rank $SLURM_NODEID     /users/jmaillef/gipfelsturm/Megatron-LM/pretrain_gpt.py     --transformer-impl transformer_engine     --num-layers 32 --hidden-size 3072 --ffn-hidden-size 8192 --num-attention-heads 24 --group-query-attention --num-query-groups 8 --max-position-embeddings 4096 --position-embedding-type rope --normalization RMSNorm --swiglu --untie-embeddings-and-output-weights --seq-length 4096     --micro-batch-size 4 --global-batch-size 256 --train-iters 100 --log-interval 1 --eval-interval 100000 --eval-iters 5 --cross-entropy-loss-fusion --optimizer adam --dataloader-type single --no-check-for-nan-in-loss-and-grad --manual-gc     --attention-dropout 0.0 --hidden-dropout 0.0 --weight-decay 0.1 --clip-grad 1.0 --adam-beta1 0.9 --adam-beta2 0.95     --lr 3e-4 --min-lr 3e-5 --lr-decay-style cosine --lr-warmup-iters 50     --seed 42 --init-method-std 0.02     --bf16     --tensor-model-parallel-size 1 --pipeline-model-parallel-size 1 --use-torch-fsdp2 --data-parallel-sharding-strategy optim     --no-gradient-accumulation-fusion     --log-throughput --log-progress     --tokenizer-type GPT2BPETokenizer --vocab-file /users/jmaillef/gipfelsturm/data/gpt2-vocab.json --merge-file /users/jmaillef/gipfelsturm/data/gpt2-merges.txt     --data-path /iopsstor/scratch/cscs/jmaillef/dataset/climbmix_small/climbmix_small --data-cache-path /iopsstor/scratch/cscs/jmaillef/gipfelsturm/cache --split 99,1,0 --num-workers 2
0: [default0]:using world size: 16, data-parallel size: 16, context-parallel size: 1, hierarchical context-parallel sizes: None, tensor-model-parallel size: 1, pipeline-model-parallel size: 1
0: [default0]:Number of virtual stages per pipeline stage: None
0: [default0]:accumulate and all-reduce gradients in fp32 for bfloat16 data type.
0: [default0]:using torch.bfloat16 for parameters ...
0: [default0]:------------------------ arguments ------------------------
0: [default0]:  account_for_embedding_in_pipeline_split ......... False
0: [default0]:  account_for_loss_in_pipeline_split .............. False
0: [default0]:  accumulate_allreduce_grads_in_fp32 .............. True
0: [default0]:  activation_func_clamp_value ..................... None
0: [default0]:  activation_offload_fraction ..................... 1.0
0: [default0]:  adam_beta1 ...................................... 0.9
0: [default0]:  adam_beta2 ...................................... 0.95
0: [default0]:  adam_eps ........................................ 1e-08
0: [default0]:  add_bias_linear
0:  ................................. True
0: [default0]:  add_position_embedding .......................... True
0: [default0]:  add_qkv_bias .................................... True
0: [default0]:  adlr_autoresume ................................. False
0: [default0]:  adlr_autoresume_interval ........................ 1000
0: [default0]:  align_grad_reduce ............................... True
0: [default0]:  align_param_gather .............................. False
0: [default0]:  allow_ambiguous_pad_tokens ...................... False
0: [default0]:  app_tag_run_name ................................ None
0: [default0]:  app_tag_run_version ............................. 0.0.0
0: [default0]:  apply_query_key_layer_scaling ................... False
0: [default0]:  apply_residual_connection_post_layernorm ........ False
0: [default0]:  apply_rope_fusion ............................... True
0: [default0]:  apply_wd_to_qk_layernorm ........................ False
0: [default0]:  async_ckpt_cpu_priority ......................... 10
0: [default0]:  async_ckpt_io_priority .......................... 3
0: [default0]:  async_save ...................................... False
0: [default0]:  async_strategy .................................. nvrx
0: [default0]:  attention_backend ............................... AttnBac
0: kend.auto
0: [default0]:  attention_dropout ............................... 0.0
0: [default0]:  attention_output_gate ........................... False
0: [default0]:  attention_softmax_in_fp32 ....................... False
0: [default0]:  auto_detect_ckpt_format ......................... False
0: [default0]:  barrier_with_L1_time ............................ True
0: [default0]:  batch_invariant_mode ............................ False
0: [default0]:  bert_binary_head ................................ True
0: [default0]:  bert_embedder_type .............................. megatron
0: [default0]:  bert_load ....................................... None
0: [default0]:  bf16 ............................................ True
0: [default0]:  bias_dropout_fusion ............................. True
0: [default0]:  bias_gelu_fusion ................................ True
0: [default0]:  bias_swiglu_fusion .............................. True
0: [default0]:  biencoder_projection_dim ........................ 0
0: [default0]:  biencoder_shared_query_context_model ............ False
0: [default0]:  block_data_path ................................. None
0: [default0]:  cache_mla_latents ............................... False
0: [default0]:  calc_ft_timeouts ................................ False
0: [default0]:  calculate_per_token_loss ........................ False
0: [default0]:  check_for_large_grads ........................... False
0: [default0]:  check_for_nan_in_loss_and_grad .................. False
0: [default0]:  check_for_spiky_loss ............................ False
0: [default0]:  check_weight_hash_across_dp_replicas_interval ... None
0: [default0]:  ckpt_assume_constant_structure .................. False
0: [default0]:  ckpt_convert_format ............................. None
0: [default0]:  ckpt_convert_save ............................... None
0: [default0]:  ckpt_convert_update_legacy_dist_opt_format ...... False
0: [default0]:  ckpt_format ..................................... torch_dist
0: [default0]:  ckpt_fully_parallel_load ........................ False
0: [default0]:  ckpt_fully_parallel_load_exchange_algo .......... broadcast
0: [default0]:  ckpt_fully_parallel_load_process_group .......... dp
0: [default0]:  ckpt_fully_parallel_save ........................ True
0: [default0]:  ckpt_fully_parallel_save_deprecated ............. False
0: [default0]:  ckpt_fully_parallel_save_process_group .......... dp
0: [default0]:  ckpt_step ....................................... None
0: [default0]:  classes_fraction ................................ 1.0
0: [default0]:  clip_grad ....................................... 1.0
0: [default0]:  clone_scatter_output_in_embedding ............... True
0: [default0]:  config_logger_dir ............................... 
0: [default0]:  consumed_train_samples .......................... 0
0: [default0]:  consumed_valid_samples .......................... 0
0: [default0]:  context_parallel_size ........................... 1
0: [default0]:  cp_comm_type .................................... ['p2p']
0: [default0]:  cpu_offloading_num_layers ....................... 0
0: [default0]:  cpu_offloading_retain_pinned_cpu_buffers ........ False
0: [default0]:  create_all_gather_group ......................... False
0: [default0]:  create_attention_mask_in_dataloader ............. True
0: [default0]:  cross_entropy_fusion_impl ....................... native
0: [default0]:  cross_entropy_loss_fusion ....................... True
0: [default0]:  cuda_graph_impl ................................. none
0: [default0]:  cuda_graph_scope ................................ []
0: [default0]:  cuda_graph_warmup_steps ......................... 3
0: [default0]:  data_args_path .................................. None
0: [default0]:  data_cache_path ................................. /iopsstor/scratch/cscs/jmaillef/gipfelsturm/cache
0: [default0]:  data_parallel_random_init ....................... False
0: [default0]:  data_parallel_sharding_strategy ................. optim
0: [default0]:  data_parallel_size .............................. 16
0: [default0]:  data_path ....................................... ['/iopsstor/scratch/cscs/jmaillef/dataset/climbmix_small/climbmix_small']
0: [default0]:  data_per_class_fraction ......................... 1.0
0: [default0]:  data_sharding ................................... True
0: [default0]:  dataloader_defer_npy_index_mmap ................. False
0: [default0]:  dataloader_fast_cache_load ...................... False
0: [default0]:  dataloader_type ................................. single
0: [default0]:  ddp_average_in_collective ....................... False
0: [default0]:  ddp_bucket_size ................................. None
0: [default0]:  ddp_num_buckets ................................. None
0: [default0]:  ddp_pad_buckets_for_high_nccl_busbw ............. False
0: [default0]:  ddp_param_name_patterns_for_fp32_local_accumulation  []
0: [default0]:  ddp_reduce_scatter_with_fp32_accumulation ....... False
0: [default0]:  decode_only_cuda_graphs ......................... False
0: [default0]:  decoder_first_pipeline_num_layers ............... None
0: [default0]:  decoder_last_pipeline_num_layers ................ None
0: [default0]:  decoder_num_layers .............................. None
0: [default0]:  decoder_seq_length .............................. None
0: [default0]:  decoupled_lr .................................... None
0: [default0]:  decoupled_min_lr ................................ None
0: [default0]:  decrease_batch_size_if_needed ................... False
0: [default0]:  defer_embedding_wgrad_compute ................... False
0: [default0]:  delay_offload_until_cuda_graph .................. False
0: [default0]:  delay_wgrad_compute ............................. False
0: [default0]:  delta_offload_bytes_across_pp_ranks ............. 0
0: [default0]:  dense_grouped_gemm .............................. False
0: [default0]:  deprecated_use_mcore_models ..................... False
0: [default0]:  deterministic_mode .............................. False
0: [default0]:  dino_bottleneck_size ............................ 256
0: [default0]:  dino_freeze_last_layer .......................... 1
0: [default0]:  dino_head_hidden_size ........................... 2048
0: [default0]:  dino_local_crops_number ......................... 10
0: [default0]:  dino_local_img_size ............................. 96
0: [default0]:  dino_norm_last_layer ............................ False
0: [default0]:  dino_teacher_temp ............................... 0.07
0: [default0]:  dino_warmup_teacher_temp ........................ 0.04
0: [default0]:  dino_warmup_teacher_temp_epochs ................. 30
0: [default0]:  disable_bf16_reduced_precision_matmul ........... False
0: [default0]:  disable_jit_fuser ............................... False
0: [default0]:  disable_straggler_on_startup .................... False
0: [default0]:  disable_symmetric_registration .................. False
0: [default0]:  dist_ckpt_format_deprecated ..................... None
0: [default
0: 0]:  dist_ckpt_optim_fully_reshardable ............... False
0: [default0]:  dist_ckpt_save_pre_mcore_014 .................... False
0: [default0]:  dist_ckpt_strictness ............................ assume_ok_unexpected
0: [default0]:  dist_ckpt_workers ............................... 1
0: [default0]:  distrib_optim_fully_reshardable_mem_efficient ... False
0: [default0]:  distribute_saved_activations .................... False
0: [default0]:  distributed_backend ............................. nccl
0: [default0]:  distributed_timeout_minutes ..................... 10
0: [default0]:  distributed_timeout_seconds_after_init .......... None
0: [default0]:  dsa_indexer_head_dim ............................ None
0: [default0]:  dsa_indexer_loss_coeff .......................... None
0: [default0]:  dsa_indexer_n_heads ............................. None
0: [default0]:  dsa_indexer_topk ................................ None
0: [default0]:  dsa_indexer_use_sparse_loss ..................... False
0: [default0]:  dump_param_to_param_group_map ................... None
0: [default0]:  dynamic_context_parallel ........................ False
0: [default0]:  embedding_init_method_std ....................... None
0: [default0]:  embedding_path .................................. None
0: [default0]:  empty_unused_memory_level ....................... 0
0: [default0]:  enable_chunked_prefill .......................... False
0: [default0]:  enable_cuda_graph ............................... False
0: [default0]:  enable_experimental ............................. False
0: [default0]:  enable_ft_package ............................... False
0: [default0]:  enable_full_sharding_in_hsdp .................... False
0: [default0]:  enable_gpt_oss .................................. False
0: [default0]:  enable_hyper_connections ........................ False
0: [default0]:  enable_msc ...................................... True
0: [default0]:  enable_one_logger ............................... True
0: [default0]:  encoder_num_layers .............................. 32
0: [default0]:  encoder_seq_length .............................. 4096
0: [default0]:  end_weight_decay ................................ 0.1
0: [default0]:  eod_mask_loss ................................... False
0: [default0]:  ep_overlap_early_attn_memory_release ............ False
0: [default0]:  error_injection_rate ............................ 0
0: [default0]:  error_injection_type ............................ transient_error
0: [default0]:  eval_global_batch_size .......................... 256
0: [default0]:  eval_interval ................................... 100000
0: [default0]:  eval_iters ...................................... 5
0: [default0]:  eval_micro_batch_size ........................... 4
0: [default0]:  evidence_data_path .............................. None
0: [default0]:  exit_duration_in_mins ........................... None
0: [default0]:  exit_interval ................................... None
0: [default0]:  exit_on_missing_checkpoint ...................... False
0: [default0]:  exit_signal ..................................... 15
0: [default0]:  exit_signal_handler ............................. False
0: [default0]:  exit_signal_handler_for_dataloader .............. False
0: [default0]:  exit_signal_handler_for_training ................ False
0: [default0]:  exp_avg_dtype ................................... torch.float32
0: [default0]:  exp_avg_sq_dtype ................................ torch.float32
0: [default0]:  experimental_attention_variant .................. None
0: [default0]:  expert_model_parallel_size ...................... 1
0: [default0]:  expert_tensor_parallel_size ..................... 1
0: [default0]:  export_default_te_spec .......................... False
0: [default0]:  export_force_local_attention .................... False
0: [default0]:  export_kd_cfg ................................... None
0: [default0]:  export_kd_teacher_ckpt_format ................... None
0: [default0]:  export_kd_teacher_load .......................... None
0: [default0]:  export_kd_teacher_model_config .................. None
0: [default0]:  export_kv_cache_quant ........................... none
0: [default0]:  export_legacy_megatron .......................... False
0: [default0]:  export_model_type ............................... GPTModel
0: [default0]:  export_moe_apply_probs_on_input ................. False
0: [default0]:  export_offline_model ............................ False
0: [default0]:  export_qk_l2_norm ............................... False
0: [default0]:  export_quant_cfg ................................ None
0: [default0]:  export_real_quant_cfg ........................... None
0: [default0]:  export_te_mcore_model ........................... False
0: [default0]:  external_cuda_graph ............................. False
0: [default0]:  fake_process_group .............................. False
0: [default0]:  fallback_to_eager_attn .......................... False
0: [default0]:  ffn_hidden_size ................................. 8192
0: [default0]:  fim_data ........................................ False
0: [default0]:  fim_eod_token ................................... <|endoftext|>
0: [default0]:  fim_fragment_rate ............................... None
0: [default0]:  fim_middle_token ................................ <fim_middle>
0: [default0]:  fim_no_prefix ................................... None
0: [default0]:  fim_pad_token ................................... <fim_pad>
0: [default0]:  fim_prefix_token ................................ <fim_prefix>
0: [default0]:  fim_rate ........................................ 0.5
0: [default0]:  fim_split_sample ................................ None
0: [default0]:  fim_spm_rate .................................... 0.5
0: [default0]:  fim_suffix_token ................................ <fim_suffix>
0: [default0]:  fine_grained_activation_offloading .............. False
0: [default0]:  finetune ........................................ False
0: [default0]:  finetune_data_split ............................. train
0: [default0]:  finetune_hf_dataset ............................. None
0: [default0]:  first_last_layers_bf16 .......................... False
0: [default0]:  flash_decode .................................... False
0: [default0]:  flight_recorder_dump_on_timeout ................. True
0: [default0]:  flight_recorder_dump_path ....................... None
0: [default0]:  flight_recorder_extra_dump_on_exec .............. True
0: [default0]:  flight_recorder_include_only_active ............. True
0: [default0]:  flight_recorder_include_stack_trace ............. False
0: [default0]:  flight_recorder_trace_buffer_size ............... 2000
0: [default0]:  fp16 ............................................ False
0: [default0]:  fp16_lm_cross_entropy ........................... False
0: [default0]:  fp32_residual_connection ........................ False
0: [default0]:  fp4 ............................................. None
0: [default0]:  fp4_param_gather ................................ False
0: [default0]:  fp4_quantizer_factory ........................... None
0: [default0]:  fp4_recipe ...................................... nvfp4
0: [default0]:  fp8 ............................................. None
0: [default0]:  fp8_amax_compute_algo ........................... most_recent
0: [default0]:  fp8_amax_history_len ............................ 1
0: [default0]:  fp8_interval .................................... 1
0: [default0]:  fp8_margin ...................................... 0
0: [default0]:  fp8_output_proj ................................. False
0: [default0]:  fp8_param_gather ................................ False
0: [default0]:  fp8_quantizer_factory ........................... None
0: [default0]:  fp8_recipe ...................................... delayed
0: [default0]:  fp8_wgrad ....................................... True
0: [default0]:  fsdp_double_buffer .............................. False
0: [default0]:  fsdp_manual_registration ........................ False
0: [default0]:  ft_num_warmup_iters ............................. 5
0: [default0]:  full_validation ................................. False
0: [default0]:  fused_residual_rmsnorm .......................... False
0: [default0]:  global_batch_size ............................... 256
0: [default0]:  glu_linear_offset ............................... 0.0
0: [default0]:  grad_reduce_in_bf16 ............................. False
0: [default0]:  gradient_accumulation_fusion .................... False
0: [default0]:  gradient_reduce_div_fusion ...................... True
0: [default0]:  group_query_attention ........................... True
0: [default0]:  grpo_clamp_eps_lower ............................ 0.01
0: [default0]:  grpo_clamp_eps_upper ............................ 0.01
0: [default0]:  grpo_entropy_term_weight ........................ 0.0
0: [default0]:  grpo_filter_groups_with_same_reward ............. False
0: [default0]:  grpo_group_size ................................. 2
0: [default0]:  grpo_iterations ................................. 2
0: [default0]:  grpo_kl_beta .................................... 0.001
0: [default0]:  grpo_prompts_per_step ........................... 32
0: [default0]:  head_lr_mult .................................... 1.0
0: [default0]:  heterogeneous_layers_config_encoded_json ........ None
0: [default0]:  heterogeneous_layers_config_path ................ None
0: [default0]:  hidden_dropout .................................. 0.0
0: [default0]:  hidden_size ..................................... 3072
0: [default0]:  hierarchical_context_parallel_sizes ............. None
0: [default0]:  high_priority_a2a_comm_stream ................... False
0: [default0]:  high_priority_stream_groups ..................... ['dp_cp']
0: [default0]:  hybrid_context_parallel ......................... False
0: [default0]:  hybrid_layer_pattern ............................ None
0: [default0]:  hybrid_override_pattern ......................... None
0: [default0]:  hysteresis ...................................... 2
0: [default0]:  ict_head_size ................................... None
0: [default0]:  ict_load ........................................ None
0: [default0]:  img_h ........................................... 224
0: [default0]:  img_w ........................................... 224
0: [default0]:  indexer_batch_size .............................. 128
0: [default0]:  indexer_log_interval ............................ 1000
0: [default0]:  inference_batch_times_seqlen_threshold .......... -1
0: [default0]:  inference_coordinator_port ...................... None
0: [default0]:  inference_disable_triton_nvls_kernels ........... False
0: [default0]:  inference_dynamic_batching ...................... False
0: [default0]:  inference_dynamic_batching_block_size ........... 256
0: [default0]:  inference_dynamic_batching_buffer_size_gb ....... 40.0
0: [default0]:  inference_dynamic_batching_cuda_graph_max_tokens  16384
0: [default0]:  inference_dynamic_batching_cuda_graph_mixed_prefill_count  16
0: [default0]:  inference_dynamic_batching_enable_prefix_caching  False
0: [default0]:  inference_dynamic_batching_mamba_memory_ratio ... None
0: [default0]:  inference_dynamic_batching_max_requests ......... None
0: [default0]:  inference_dynamic_batching_max_tokens ........... None
0: [default0]:  inference_dynamic_batching_num_cuda_graphs ...... 16
0: [default0]:  inference_dynamic_batching_paused_buffer_size_gb  None
0: [default0]:  inference_dynamic_batching_prefix_caching_coordinator_policy  first_prefix_block
0: [default0]:  inference_dynamic_batching_prefix_caching_eviction_policy  ref_zero
0: [default0]:  inference_dynamic_batching_prefix_caching_mamba_gb  None
0: [default0]:  inference_d
0: ynamic_batching_prefix_caching_routing_alpha  0.5
0: [default0]:  inference_dynamic_batching_track_generated_token_events  False
0: [default0]:  inference_dynamic_batching_track_paused_request_events  False
0: [default0]:  inference_dynamic_batching_unified_memory_level . 0
0: [default0]:  inference_fuse_tp_communication ................. False
0: [default0]:  inference_grouped_gemm_backend .................. auto
0: [default0]:  inference_logging_step_interval ................. 0
0: [default0]:  inference_max_requests .......................... 8
0: [default0]:  inference_max_seq_length ........................ 2560
0: [default0]:  inference_moe_disable_fused_quant_kernels ....... False
0: [default0]:  inference_rng_tracker ........................... False
0: [default0]:  inference_text_gen_server_logging ............... False
0: [default0]:  inference_use_synchronous_zmq_collectives ....... False
0: [default0]:  inference_wandb_logging ......................... False
0: [default0]:  init_method_std ................................. 0.02
0: [default0]:  init_method_xavier_uniform ...................... False
0: [default0]:  init_model_with_meta_device ..................... False
0: [default0]:  initial_loss_scale .............................. 4294967296
0: [default0]:  inprocess_active_world_size ..................... 16
0: [default0]:  inprocess_barrier_timeout ....................... 120
0: [default0]:  inprocess_completion_timeout .................... 120
0: [default0]:  inprocess_empty_cuda_cache ...................... False
0: [default0]:  inprocess_granularity ........................... node
0: [default0]:  inprocess_hard_timeout .......................... 90
0: [default0]:  inprocess_heartbeat_interval .................... 30
0: [default0]:  inprocess_heartbeat_timeout ..................... 60
0: [default0]:  inprocess_last_call_wait ........................ 1
0: [default0]:  inprocess_max_iterations ........................ None
0: [default0]:  inprocess_monitor_process_interval .............. 1.0
0: [default0]:  inprocess_monitor_thread_interval ............... 1.0
0: [default0]:  inprocess_progress_watchdog_interval ............ 1.0
0: [default0]:  inprocess_restart ............................... False
0: [default0]:  inprocess_soft_timeout .......................... 60
0: [default0]:  inprocess_termination_grace_time ................ 1
0: [default0]:  is_hybrid_model ................................. False
0: [default0]:  iter_per_epoch .................................. 1250
0: [default0]:  iterations_to_skip .............................. []
0: [default0]:  keep_fp8_transpose_cache ........................ False
0: [default0]:  kitchen_attention_backend ....................... sdpa
0: [default0]:  kv_channels ..................................... 128
0: [default0]:  kv_lora_rank .................................... 32
0: [default0]:  langrl_env_config ............................... None
0: [default0]:  layernorm_epsilon ............................... 1e-05
0: [default0]:  layernorm_zero_centered_gamma ................... False
0: [default0]:  lazy_mpu_init ................................... False
0: [default0]:  linear_attention_freq ........................... None
0: [default0]:  linear_attention_type ........................... None
0: [default0]:  linear_conv_kernel_dim .......................... 4
0: [default0]:  linear_key_head_dim ............................. 128
0: [default0]:  linear_num_key_heads ............................ 16
0: [default0]:  linear_num_value_heads .......................... 32
0: [default0]:  linear_value_head_dim ........................... 128
0: [default0]:  lion_beta1 ...................................... 0.95
0: [default0]:  lion_beta2 ...................................... 0.98
0: [default0]:  load ............................................ None
0: [default0]:  load_main_params_from_ckpt ...................... False
0: [default0]:  local_rank ...................................... 0
0: [default0]:  log_device_memory_used .......................... False
0: [default0]:  log_energy ...................................... False
0: [default0]:  log_interval .................................... 1
0: [default0]:  log_loss_scale_to_tensorboard ................... True
0: [default0]:  log_max_attention_logit ......................... False
0: [default0]:  log_memory_interval ............................. None
0: [default0]:  log_memory_to_tensorboard ....................... False
0: [default0]:  log_moe_overload_factor ......................... False
0: [default0]:  log_num_zeros_in_grad ........................... False
0: [default0]:  log_params_norm ................................. False
0: [default0]:  log_progress .................................... True
0: [default0]:  log_straggler ................................... False
0: [default0]:  log_throughput .................................. True
0: [default0]:  log_timers_to_tensorboard ....................... False
0: [default0]:  log_validation_ppl_to_tensorboard ............... False
0: [default0]:  log_world_size_to_tensorboard ................... False
0: [default0]:  logging_level ................................... None
0: [default0]:  loss_scale ...................................... None
0: [default0]:  loss_scale_window ............................... 1000
0: [default0]:  lr .............................................. 0.0003
0: [default0]:  lr_decay_iters .................................. None
0: [default0]:  lr_decay_samples ................................ None
0: [default0]:  lr_decay_style .................................. cosine
0: [default0]:  lr_warmup_fraction .............................. None
0: [default0]:  lr_warmup_init .................................. 0.0
0: [default0]:  lr_warmup_iters ................................. 50
0: [default0]:  lr_warmup_samples ............................... 0
0: [default0]:  lr_wsd_decay_iters .............................. None
0: [default0]:  lr_wsd_decay_samples ............................ None
0: [default0]:  lr_wsd_decay_style .............................. exponential
0: [default0]:  main_grads_dtype ................................ torch.float32
0: [default0]:  main_params_dtype ............................... torch.float32
0: [default0]:  make_vocab_size_divisible_by .................... 128
0: [default0]:  mamba_head_dim .................................. 64
0: [default0]:  mamba_inference_conv_states_dtype ............... torch.bfloat16
0: [default0]:  mamba_inference_ssm_states_dtype ................ torch.bfloat16
0: [default0]:  mamba_num_groups ................................ 8
0: [default0]:  mamba_num_heads ................................. None
0: [default0]:  mamba_state_dim ................................. 128
0: [default0]:  manual_gc ....................................... True
0: [default0]:  manual_gc_eval .................................. True
0: [default0]:  manual_gc_interval .............................. 0
0: [default0]:  mask_factor ..................................... 1.0
0: [default0]:  mask_prob ....................................... 0.15
0: [default0]:  mask_type ....................................... random
0: [default0]:  masked_softmax_fusion ........................... True
0: [default0]:  max_position_embeddings ......................... 4096
0: [default0]:  max_seqlen_per_dp_cp_rank ....................... None
0: [default0]:  max_tokens_to_oom ............................... 12000
0: [default0]:  megatron_fsdp_grad_comm_dtype ................... None
0: [default0]:  megatron_fsdp_main_grads_dtype .................. None
0: [default0]:  megatron_fsdp_main_params_dtype ................. torch.float32
0: [default0]:  memory_snapshot_path ............................ snapshot.pickle
0: [default0]:  merge_file ...................................... /users/jmaillef/gipfelsturm/data/gpt2-merges.txt
0: [default0]:  mhc_init_gating_factor .......................... 0.01
0: [default0]:  mhc_recompute_layer_num ......................... None
0: [default0]:  mhc_sinkhorn_iterations ......................... 20
0: [default0]:  micro_batch_size ................................ 4
0: [default0]:  microbatch_group_size_per_vp_stage .............. None
0: [default0]:  mid_level_dataset_surplus ....................... 0.005
0: [default0]:  min_dynamic_context_parallel_size ............... 1
0: [default0]:  min_loss_scale .................................. 1.0
0: [default0]:  min_lr .......................................... 3e-05
0: [default0]:  min_offloaded_tensor_size ....................... 1048576
0: [default0]:  mla_down_proj_fusion ............................ False
0: [default0]:  mlp_chunks_for_prefill .......................... 1
0: [default0]:  mmap_bin_files .................................. True
0: [default0]:  mock_data ....................................... False
0: [default0]:  modelopt_enabled ................................ False
0: [default0]:  moe_apply_probs_on_input ........................ False
0: [default0]:  moe_aux_loss_coeff .............................. 0.0
0: [default0]:  moe_deepep_num_sms .............................. 20
0: [default0]:  moe_enable_deepep ............................... False
0: [default0]:  moe_enable_routing_replay ....................... False
0: [default0]:  moe_expert_capacity_factor ...................... None
0: [default0]:  moe_expert_rank_capacity_factor ................. None
0: [default0]:  moe_ffn_hidden_size ............................. None
0: [default0]:  moe_flex_dispatcher_backend ..................... deepep
0: [default0]:  moe_grouped_gemm ................................ False
0: [default0]:  moe_hybridep_num_blocks_permute ................. None
0: [default0]:  moe_hybridep_num_blocks_unpermute ............... None
0: [default0]:  moe_hybridep_num_sms ............................ None
0: [default0]:  moe_hybridep_num_sms_preprocessing .............. 108
0: [default0]:  moe_input_jitter_eps ............................ None
0: [default0]:  moe_latent_size ................................. None
0: [default0]:  moe_layer_freq .................................. 1
0: [default0]:  moe_layer_recompute ............................. False
0: [default0]:  moe_mlp_glu_interleave_size ..................... None
0: [default0]:  moe_pad_expert_input_to_capacity ................ False
0: [default0]:  moe_pad_experts_for_cuda_graph_inference ........ False
0: [default0]:  moe_paged_stash ................................. False
0: [default0]:  moe_paged_stash_buffer_size_factor_cpu .......... 0.0
0: [default0]:  moe_paged_stash_buffer_size_factor_cuda ......... 1.1
0: [default0]:  moe_paged_stash_page_size ....................... 64
0: [default0]:  moe_per_layer_logging ........................... False
0: [default0]:  moe_permute_fusion .............................. False
0: [default0]:  moe_permute_fusion_into_hybridep ................ False
0: [default0]:  moe_router_bias_update_rate ..................... 0.001
0: [default0]:  moe_router_dtype ................................ None
0: [default0]:  moe_router_enable_expert_bias ................... False
0: [default0]:  moe_router_force_biased ......................... None
0: [default0]:  moe_router_force_load_balancing ................. False
0: [default0]:  moe_router_fusion ............................... False
0: [default0]:  moe_router_group_topk ........................... None
0: [default0]:  moe_router_load_balancing_type .................. aux_loss
0: [default0]:  moe_router_num_groups ........................... None
0: [default0]:  moe_router_padding_for_fp8 ...................... False
0: [default0]:  moe_router_padding_for_quantization ............. False
0: [default0]:  moe_router_pre_softmax .......................... False
0: [default0]:  moe_router_score_function ....................... softmax
0: [default0]:  moe_router_topk ................................. 2
0: [default0]:  moe_router_topk_scaling_factor .................. None
0: [default0]:  moe_shared_expert_gate .......................... False
0: [default0]:  moe_shared_expert_intermediate_size ............. None
0: [default0]:  moe_shared_expert_overlap ....................... False
0: [default0]:  moe_single_grouped_bias ......................... False
0: [default0]:  moe_single_grouped_weight ....................... False
0: [default0]:  moe_token_dispatcher_type ....................... allgather
0: [default0]:  moe_token_drop_policy ........................... probs
0: [default0]:  moe_upcycling_granularity ....................... 1
0: [default0]:  moe_use_upcycling ............................... False
0: [default0]:  moe_z_loss_coeff ................................
0:  None
0: [default0]:  mrope_section ................................... None
0: [default0]:  mscale .......................................... 1.0
0: [default0]:  mscale_all_dim .................................. 0.0
0: [default0]:  mtp_hybrid_override_pattern ..................... None
0: [default0]:  mtp_loss_scaling_factor ......................... 0.1
0: [default0]:  mtp_num_layers .................................. None
0: [default0]:  mtp_standalone .................................. False
0: [default0]:  mtp_use_repeated_layer .......................... False
0: [default0]:  multi_latent_attention .......................... False
0: [default0]:  multiple_validation_sets ........................ False
0: [default0]:  muon_coefficient_type ........................... quintic
0: [default0]:  muon_extra_scale_factor ......................... 1.0
0: [default0]:  muon_fp32_matmul_prec ........................... medium
0: [default0]:  muon_momentum ................................... 0.9
0: [default0]:  muon_nesterov ................................... False
0: [default0]:  muon_num_ns_steps ............................... 5
0: [default0]:  muon_scalar_optimizer ........................... adam
0: [default0]:  muon_scale_mode ................................. spectral
0: [default0]:  muon_split_qkv .................................. True
0: [default0]:  muon_tp_mode .................................... blockwise
0: [default0]:  mup_attn_scale_power ............................ 1.0
0: [default0]:  mup_base_head_dim ............................... None
0: [default0]:  mup_base_hidden_size ............................ None
0: [default0]:  mup_embedding_mult .............................. 1.0
0: [default0]:  mup_output_mult ................................. 1.0
0: [default0]:  mup_width_mult .................................. 1.0
0: [default0]:  nccl_all_reduce_for_prefill ..................... False
0: [default0]:  nccl_communicator_config_path ................... None
0: [default0]:  nccl_ub ......................................... False
0: 
0: [default0]:  no_load_optim ................................... None
0: [default0]:  no_load_rng ..................................... None
0: [default0]:  no_persist_layer_norm ........................... False
0: [default0]:  no_rope_freq .................................... None
0: [default0]:  no_save_optim ................................... None
0: [default0]:  no_save_rng ..................................... None
0: [default0]:  no_weight_decay_cond_type ....................... None
0: [default0]:  non_persistent_ckpt_type ........................ None
0: [default0]:  non_persistent_global_ckpt_dir .................. None
0: [default0]:  non_persistent_local_ckpt_algo .................. fully_parallel
0: [default0]:  non_persistent_local_ckpt_dir ................... None
0: [default0]:  non_persistent_save_interval .................... None
0: [default0]:  normalization ................................... RMSNorm
0: [default0]:  num_attention_heads ............................. 24
0: [default0]:  num_channels .................................... 3
0: [default0]:  num_classes ..................................... 1000
0: [default0]:  num_dataset_builder_threads ..................... 1
0: [default0]:  num_distributed_optimizer_instances ............. 1
0: [default0]:  num_experts ..................................... None
0: [default0]:  num_layers ...................................... 32
0: [def
0: ault0]:  num_layers_at_end_in_bf16 ....................... 1
0: [default0]:  num_layers_at_start_in_bf16 ..................... 1
0: [default0]:  num_layers_per_virtual_pipeline_stage ........... None
0: [default0]:  num_query_groups ................................ 8
0: [default0]:  num_residual_streams ............................ 4
0: [default0]:  num_speculative_tokens .......................... 0
0: [default0]:  num_virtual_stages_per_pipeline_rank ............ None
0: [default0]:  num_workers ..................................... 2
0: [default0]:  nvtx_ranges ..................................... False
0: [default0]:  object_storage_cache_path ....................... None
0: [default0]:  offload_modules ................................. []
0: [default0]:  offload_optimizer_states ........................ False
0: [default0]:  one_logger_async ................................ False
0: [default0]:  one_logger_project .............................. megatron-lm
0: [default0]:  one_logger_run_name ............................. None
0: [default0]:  onnx_safe ....................................... None
0: [default0]:  openai_gelu ..................................... False
0: [default0]:  optimizer ....................................... adam
0: [default0]:  optimizer_cpu_offload ........................... False
0: [default0]:  optimizer_cuda_graph ............................ False
0: [default0]:  optimizer_offload_fraction ...................... 1.0
0: [default0]:  outer_dp_sharding_strategy ...................... no_shard
0: [default0]:  output_bert_embeddings .......................... False
0: [default0]:  overlap_cpu_optimizer_d2h_h2d ................... False
0: [default0]:  overlap_dispatch_backward_with_experts_wgrad .... False
0: [default0]:  overlap_grad_reduce ............................. False
0: [default0]:  overlap_moe_expert_parallel_comm ................ False
0: [default0]:  overlap_p2p_comm ................................ False
0: [default0]:  overlap_p2p_comm_warmup_flush ................... False
0: [default0]:  overlap_param_gather ............................ False
0: [default0]:  overlap_param_gather_with_optimizer_step ........ False
0: [default0]:  override_opt_param_scheduler .................... False
0: [default0]:  padded_vocab_size ............................... None
0: [default0]:  params_dtype .................................... torch.bfloat16
0: [default0]:  patch_dim ....................................... 16
0: [default0]:  per_dataset_sequences_path ...................... None
0: [default0]:  per_split_data_args_path ........................ None
0: [default0]:  perform_initialization .......................... True
0: [default0]:  perform_rl_step ................................. False
0: [default0]:  phase_transition_iterations ..................... None
0: [default0]:  pin_cpu_grads ................................... True
0: [default0]:  pin_cpu_params .................................. True
0: [default0]:  pipeline_model_parallel_comm_backend ............ None
0: [default0]:  pipeline_model_parallel_layout .................. None
0: [default0]:  pipeline_model_parallel_size .................... 1
0: [default0]:  position_embedding_type ......................... rope
0: [default0]:  pretrained_checkpoint ........................... None
0: [default0]:  profile ......................................... False
0: [default0]:  profile_ranks ................................... []
0: [default0]:  profile_step_end ................................ 12
0: [default0]:  profile_step_start .............................. 10
0: [default0]:  pytorch_profiler_collect_callstack .............. False
0: [default0]:  pytorch_profiler_collect_chakra ................. False
0: [default0]:  pytorch_profiler_collect_shapes ................. False
0: [default0]:  q_lora_rank ..................................... None
0: [default0]:  qk_clip ......................................... False
0: [default0]:  qk_clip_alpha ................................... 0.5
0: [default0]:  qk_clip_threshold ............................... 100
0: [default0]:  qk_head_dim ..................................... 128
0: [default0]:  qk_l2_norm ...................................... False
0: [default0]:  qk_layernorm .................................... False
0: [default0]:  qk_pos_emb_head_dim ............................. 64
0: [default0]:  query_in_block_prob ............................. 0.1
0: [default0]:  quick_geglu ..................................... False
0: [default0]:  rampup_batch_size ............................... None
0: [default0]:  rank ............................................ 0
0: [default0]:  recompute_granularity ........................... None
0: [default0]:  recompute_method ................................ None
0: [default0]:  recompute_modules ............................... None
0: [default0]:  recompute_num_layers ............................ None
0: [default0]:  record_memory_history ........................... False
0: [default0]:  record_shapes ................................... False
0: [default0]:  refit_method .................................... gloo
0: [default0]:  relative_attention_max_distance ................. 128
0: [default0]:  relative_attention_num_buckets .................. 32
0: [default0]:  replication ..................................... False
0: [default0]:  replication_factor .............................. 2
0: [default0]:  replication_jump ................................ None
0: [default0]:  rerun_mode ...................................... validate_results
0: [default0]:  reset_attention_mask ............................ False
0: [default0]:  reset_position_ids .............................. False
0: [default0]:  result_rejected_tracker_filename ................ None
0: [default0]:  retriever_report_topk_accuracies ................ []
0: [default0]:  retriever_score_scaling ......................... False
0: [default0]:  reuse_grad_buf_for_mxfp8_param_ag ............... False
0: [default0]:  rl_default_temperature .......................... 1.0
0: [default0]:  rl_default_top_k ................................ -1
0: [default0]:  rl_default_top_p ................................ 0
0: [default0]:  rl_generation_batch_size ........................ None
0: [default0]:  rl_importance_sampling_truncation_coef .......... None
0: [default0]:  rl_inference_expert_model_parallel_size ......... None
0: [default0]:  rl_inference_expert_tensor_model_parallel_size .. None
0: [default0]:  rl_inference_logprobs_is_correction ............. False
0: [default0]:  rl_inference_model_unified_memory_level ......... 0
0: [default0]:  rl_inference_parsers ............................ []
0: [default0]:  rl_inference_pipeline_model_parallel_size ....... None
0: [default0]:  rl_inference_tensor_model_parallel_size ......... None
0: [default0]:  rl_kv_cache_management_mode ..................... persist
0: [default0]:  rl_num_parallel_generation_batches .............. None
0: [default0]:  rl_num_parallel_generations ..................... None
0: [default0]:  rl_offload_inference_model_weights_when_idle .... False
0: [default0]:  rl_offload_optimizer_during_inference ........... False
0: [default0]:  rl_parallel_generation_tasks .................... None
0: [default0]:  rl_partial_rollouts ............................. False
0: [default0]:  rl_persist_cuda_graphs .......................... False
0: [default0]:  rl_prompts_per_eval ............................. 32
0: [default0]:  rl_sequence_packing_algo ........................ fifo
0: [default0]:  rl_sequence_packing_max_sequences_per_bin ....... 50
0: [default0]:  rl_skip_bos_token ............................... False
0: [default0]:  rl_training_cuda_graphs ......................... False
0: [default0]:  rl_use_sequence_packing ......................... False
0: [default0]:  rl_verify_model_weights_swap .................... False
0: [default0]:  rope_scaling_factor ............................. 8.0
0: [default0]:  rope_type ....................................... None
0: [default0]:  rotary_base ..................................... 10000
0: [default0]:  rotary_interleaved .............................. False
0: [default0]:  rotary_percent .................................. 1.0
0: [default0]:  rotary_scaling_factor ........................... 1.0
0: [default0]:  rotary_seq_len_interpolation_factor ............. None
0: [default0]:  run_workload_inspector_server ................... False
0: [default0]:  sample_rate ..................................... 1.0
0: [default0]:  save ............................................ None
0: [default0]:  save_dgrads_interval ............................ None
0: [default0]:  save_interval ................................... None
0: [default0]:  save_retain_interval ............................ None
0: [default0]:  save_wgrads_interval ............................ None
0: [default0]:  seed ............................................ 42
0: [default0]:  seq_length ...................................... 4096
0: [default0]:  sequence_packing_scheduler ...................... None
0: [default0]:  sequence_parallel ............................... False
0: [default0]:  sft ............................................. False
0: [default0]:  sft_mock_dataset_config_json .................... None
0: [default0]:  sft_tokenizer_prompt_format ..................... nemotron-h-aligned
0: [default0]:  sgd_momentum .................................... 0.9
0: [default0]:  sharp_enabled_group ............................. None
0: [default0]:  short_seq_prob .................................. 0.1
0: [default0]:  skip_train ...................................... False
0: [default0]:  skipped_train_samples ........................... 0
0: [default0]:  softmax_type .................................... vanilla
0: [default0]:  spec ............................................ None
0: [default0]:  split ........................................... 99,1,0
0: [default0]:  squared_relu .................................... False
0: [default0]:  start_eval_at_iter .............................. None
0: [default0]:  start_weight_decay ......................
0: ........ 0.1
0: [default0]:  straggler_ctrlr_port ............................ 65535
0: [default0]:  straggler_minmax_count .......................... 1
0: [default0]:  strict_fsdp_dtensor_load ........................ True
0: [default0]:  suggested_communication_unit_size ............... None
0: [default0]:  swiglu .......................................... True
0: [default0]:  swin_backbone_type .............................. tiny
0: [default0]:  symmetric_ar_type ............................... None
0: [default0]:  te_precision_config_file ........................ None
0: [default0]:  te_rng_tracker .................................. False
0: [default0]:  tensor_model_parallel_size ...................... 1
0: [default0]:  tensorboard_dir ................................. None
0: [default0]:  tensorboard_log_interval ........................ 1
0: [default0]:  tensorboard_queue_size .......................... 1000
0: [default0]:  test_data_path .................................. None
0: [default0]:  test_mode ....................................... False
0: [default0]:  tiktoken_num_special_tokens ..................... 1000
0: [default0]:  tiktoken_pattern ................................ None
0: [default0]:  tiktoken_special_tokens ......................... None
0: [default0]:  timing_log_level ................................ 0
0: [default0]:  timing_log_option ............................... minmax
0: [default0]:  titles_data_path ................................ None
0: [default0]:  tokenizer_hf_include_special_tokens ............. True
0: [default0]:  tokenizer_hf_no_include_special_tokens .......... False
0: [default0]:  tokenizer_hf_no_use_fast ........................ False
0: [default0]:  tokenizer_hf_use_fast ........................... True
0: [default0]:  tokenizer_metadata .............................. None
0: [default0]:  tokenizer_model ................................. None
0: [default0]:  tokenizer_sentencepiece_legacy .................. False
0: [default0]:  tokenizer_special_tokens ........................ None
0: [default0]:  tokenizer_type .................................. GPT2BPETokenizer
0: [default0]:  torch_fsdp2_reshard_after_forward ............... True
0: [default0]:  tp_comm_bootstrap_backend ....................... nccl
0: [default0]:  tp_comm_bulk_dgrad .............................. True
0: [default0]:  tp_comm_bulk_wgrad .............................. True
0: [default0]:  tp_comm_overlap ................................. False
0: [default0]:  tp_comm_overlap_ag .............................. True
0: [default0]:  tp_comm_overlap_cfg ............................. None
0: [default0]:  tp_comm_overlap_rs .............................. True
0: [default0]:  tp_comm_overlap_rs_dgrad ........................ False
0: [default0]:  tp_comm_split_ag ................................ True
0: [default0]:  tp_comm_split_rs ................................ True
0: [default0]:  train_data_path ................................. None
0: [default0]:  train_iters ..................................... 100
0: [default0]:  train_samples ................................... None
0: [default0]:  train_sync_interval ............................. None
0: [default0]:  transformer_impl ................................ transformer_engine
0: [default0]:  transformer_pipeline_model_parallel_size ........ 1
0: [default0]:  trust_remote_code ............................... False
0: [default0]:  untie_embeddings_and_output_weights ............. True
0: [default0]:  use_checkpoint_args ............................. False
0: [default0]:  use_checkpoint_opt_param_scheduler .............. False
0: [default0]:  use_cpu_initialization .......................... None
0: [default0]:  use_dist_ckpt ................................... True
0: [default0]:  use_dist_ckpt_deprecated ........................ False
0: [default0]:  use_distributed_optimizer ....................... False
0: [default0]:  use_flash_attn .............................
0: ..... False
0: [default0]:  use_fused_mhc ................................... False
0: [default0]:  use_fused_weighted_squared_relu ................. False
0: [default0]:  use_gloo_process_groups ......................... True
0: [default0]:  use_kitchen_attention ........................... False
0: [default0]:  use_layer_wise_distributed_optimizer ............ False
0: [default0]:  use_legacy_models ............................... False
0: [default0]:  use_legacy_static_engine ........................ False
0: [default0]:  use_mamba_mem_eff_path .......................... True
0: [default0]:  use_megatron_fsdp ............................... False
0: [default0]:  use_mp_args_from_checkpoint_args ................ False
0: [default0]:  use_mup ......................................... False
0: [default0]:  use_one_sent_docs ............................... False
0: [default0]:  use_persistent_ckpt_worker ...................... False
0: [default0]:  use_precision_aware_optimizer ................... False
0: [default0]:  use_pytorch_profiler ............................ False
0: [default0]:  use_ring_exchange_p2p ........................... False
0: [default0]:  use_rope_scaling ................................ False
0: [default0]:  use_rotary_position_embeddings .................. False
0: [default0]:  use_sharp ....................................... False
0: [default0]:  use_te_activation_func .......................... False
0: [default0]:  use_tokenizer_model_from_checkpoint_args ........ True
0: [default0]:  use_torch_fsdp2 ................................. True
0: [default0]:  use_torch_optimizer_for_cpu_offload ............. False
0: [default0]:  use_tp_pp_dp_mapping ............................ False
0: [default0]:  use_transformer_engine_op_fuser ................. False
0: [default0]:  v_head_dim ...................................... 128
0: [default0]:  valid_data_path ................................. None
0: [default0]:  virtual_pipeline_model_parallel_size ............ None
0: [default0]:  vision_backbone_type ............................ vit
0: [default0]:  vision_pretraining .............................. False
0: [default0]:  vision_pretraining_type ......................... classify
0: [default0]:  vocab_extra_ids ................................. 0
0: [default0]:  vocab_file ...................................... /users/jmaillef/gipfelsturm/data/gpt2-vocab.json
0: [default0]:  vocab_size ...................................... None
0: [default0]:  wandb_entity .................................... None
0: [default0]:  wandb_exp_name .................................. None
0: [default0]:  wandb_project ................................... None
0: [default0]:  wandb_save_dir .................................. None
0: [default0]:  weight_decay .................................... 0.1
0: [default0]:  weight_decay_incr_style ......................... constant
0: [default0]:  wgrad_deferral_limit ............................ 0
0: [default0]:  window_attn_skip_freq ........................... None
0: [default0]:  window_size ..................................... None
0: [default0]:  world_size ...................................... 16
0: [default0]:  yaml_cfg ........................................ None
0: [default0]:-------------------- end of arguments ---------------------
0: [default0]:INFO:megatron.core.num_microbatches_calculator:setting number of microbatches to constant 4
0: [default3]:INFO:httpx:HTTP Request: HEAD https://huggingface.co/gpt2/resolve/main/config.json "HTTP/1.1 200 OK"
0: [default2]:INFO:httpx:HTTP Request: HEAD https://huggingface.co/gpt2/resolve/main/config.json "HTTP/1.1 200 OK"
0: [default0]:INFO:httpx:HTTP Request: HEAD https://huggingface.co/gpt2/resolve/main/config.json "HTTP/1.1 200 OK"
0: [default1]:INFO:httpx:HTTP Request: HEAD https://huggingface.co/gpt2/resolve/main/config.json "HTTP/1.1 200 OK"
0: [default3]:INFO:httpx:HTTP Request: HEAD https://huggingface.co/gpt2/resolve/main/tokenizer_config.json "HTTP/1.1 200 OK"
0: [default2]:INFO:httpx:HTTP Request: HEAD https://huggingface.co/gpt2/resolve/main/tokenizer_config.json "HTTP/1.1 200 OK"
0: [default0]:INFO:httpx:HTTP Request: HEAD https://huggingface.co/gpt2/resolve/main/tokenizer_config.json "HTTP/1.1 200 OK"
0: [default1]:INFO:httpx:HTTP Request: HEAD https://huggingface.co/gpt2/resolve/main/tokenizer_config.json "HTTP/1.1 200 OK"
0: [default3]:INFO:httpx:HTTP Request: GET https://huggingface.co/api/models/gpt2/tree/main/additional_chat_templates?recursive=false&expand=false "HTTP/1.1 307 Temporary Redirect"
0: [default2]:INFO:httpx:HTTP Request: GET https://huggingface.co/api/models/gpt2/tree/main/additional_chat_templates?recursive=false&expand=false "HTTP/1.1 307 Temporary Redirect"
0: [default1]:INFO:httpx:HTTP Request: GET https://huggingface.co/api/models/gpt2/tree/main/additional_chat_templates?recursive=false&expand=false "HTTP/1.1 307 Temporary Redirect"
0: [default0]:INFO:httpx:HTTP Request: GET https://huggingface.co/api/models/gpt2/tree/main/additional_chat_templates?recursive=false&expand=false "HTTP/1.1 307 Temporary Redirect"
0: [default1]:INFO:httpx:HTTP Request: GET https://huggingface.co/api/models/openai-community/gpt2/tree/main/additional_chat_templates?recursive=false&expand=false "HTTP/1.1 404 Not Found"
0: [default3]:INFO:httpx:HTTP Request: GET https://huggingface.co/api/models/openai-community/gpt2/tree/main/additional_chat_templates?recursive=false&expand=false "HTTP/1.1 404 Not Found"
0: [default2]:INFO:httpx:HTTP Request: GET https://huggingface.co/api/models/openai-community/gpt2/tree/main/additional_chat_templates?recursive=false&expand=false "HTTP/1.1 404 Not Found"
0: [default0]:INFO:httpx:HTTP Request: GET https://huggingface.co/api/models/openai-community/gpt2/tree/main/additional_chat_templates?recursive=false&expand=false "HTTP/1.1 404 Not Found"
2: [default2]:INFO:httpx:HTTP Request: HEAD https://huggingface.co/gpt2/resolve/main/config.json "HTTP/1.1 200 OK"
2: [default1]:INFO:httpx:HTTP Request: HEAD https://huggingface.co/gpt2/resolve/main/config.json "HTTP/1.1 200 OK"
2: [default0]:INFO:httpx:HTTP Request: HEAD https://huggingface.co/gpt2/resolve/main/config.json "HTTP/1.1 200 OK"
2: [default3]:INFO:httpx:HTTP Request: HEAD https://huggingface.co/gpt2/resolve/main/config.json "HTTP/1.1 200 OK"
0: [default3]:INFO:httpx:HTTP Request: GET https://huggingface.co/api/models/gpt2/tree/main?recursive=true&expand=false "HTTP/1.1 307 Temporary Redirect"
0: [default2]:INFO:httpx:HTTP Request: GET https://huggingface.co/api/models/gpt2/tree/main?recursive=true&expand=false "HTTP/1.1 307 Temporary Redirect"
0: [default0]:INFO:httpx:HTTP Request: GET https://huggingface.co/api/models/gpt2/tree/main?recursive=true&expand=false "HTTP/1.1 307 Temporary Redirect"
0: [default1]:INFO:httpx:HTTP Request: GET https://huggingface.co/api/models/gpt2/tree/main?recursive=true&expand=false "HTTP/1.1 307 Temporary Redirect"
2: [default2]:INFO:httpx:HTTP Request: HEAD https://huggingface.co/gpt2/resolve/main/tokenizer_config.json "HTTP/1.1 200 OK"
2: [default3]:INFO:httpx:HTTP Request: HEAD https://huggingface.co/gpt2/resolve/main/tokenizer_config.json "HTTP/1.1 200 OK"
0: [default3]:INFO:httpx:HTTP Request: GET https://huggingface.co/api/models/openai-community/gpt2/tree/main?recursive=true&expand=false "HTTP/1.1 200 OK"
0: [default2]:INFO:httpx:HTTP Request: GET https://huggingface.co/api/models/openai-community/gpt2/tree/main?recursive=true&expand=false "HTTP/1.1 200 OK"
0: [default1]:INFO:httpx:HTTP Request: GET https://huggingface.co/api/models/openai-community/gpt2/tree/main?recursive=true&expand=false "HTTP/1.1 200 OK"
2: [default2]:INFO:httpx:HTTP Request: GET https://huggingface.co/api/models/gpt2/tree/main/additional_chat_templates?recursive=false&expand=false "HTTP/1.1 307 Temporary Redirect"
3: [default3]:INFO:httpx:HTTP Request: HEAD https://huggingface.co/gpt2/resolve/main/config.json "HTTP/1.1 200 OK"
3: [default2]:INFO:httpx:HTTP Request: HEAD https://huggingface.co/gpt2/resolve/main/config.json "HTTP/1.1 200 OK"
3: [default1]:INFO:httpx:HTTP Request: HEAD https://huggingface.co/gpt2/resolve/main/config.json "HTTP/1.1 200 OK"
3: [default0]:INFO:httpx:HTTP Request: HEAD https://huggingface.co/gpt2/resolve/main/config.json "HTTP/1.1 200 OK"
2: [default1]:INFO:httpx:HTTP Request: HEAD https://huggingface.co/gpt2/resolve/main/tokenizer_config.json "HTTP/1.1 200 OK"
2: [default0]:INFO:httpx:HTTP Request: HEAD https://huggingface.co/gpt2/resolve/main/tokenizer_config.json "HTTP/1.1 200 OK"
2: [default3]:INFO:httpx:HTTP Request: GET https://huggingface.co/api/models/gpt2/tree/main/additional_chat_templates?recursive=false&expand=false "HTTP/1.1 307 Temporary Redirect"
1: [default1]:INFO:httpx:HTTP Request: HEAD https://huggingface.co/gpt2/resolve/main/config.json "HTTP/1.1 200 OK"
1: [default2]:INFO:httpx:HTTP Request: HEAD https://huggingface.co/gpt2/resolve/main/config.json "HTTP/1.1 200 OK"
1: [default3]:INFO:httpx:HTTP Request: HEAD https://huggingface.co/gpt2/resolve/main/config.json "HTTP/1.1 200 OK"
1: [default0]:INFO:httpx:HTTP Request: HEAD https://huggingface.co/gpt2/resolve/main/config.json "HTTP/1.1 200 OK"
0: [default0]:INFO:httpx:HTTP Request: GET https://huggingface.co/api/models/openai-community/gpt2/tree/main?recursive=true&expand=false "HTTP/1.1 200 OK"
3: [default3]:INFO:httpx:HTTP Request: HEAD https://huggingface.co/gpt2/resolve/main/tokenizer_config.json "HTTP/1.1 200 OK"
3: [default1]:INFO:httpx:HTTP Request: HEAD https://huggingface.co/gpt2/resolve/main/tokenizer_config.json "HTTP/1.1 200 OK"
3: [default0]:INFO:httpx:HTTP Request: HEAD https://huggingface.co/gpt2/resolve/main/tokenizer_config.json "HTTP/1.1 200 OK"
2: [default1]:INFO:httpx:HTTP Request: GET https://huggingface.co/api/models/gpt2/tree/main/additional_chat_templates?recursive=false&expand=false "HTTP/1.1 307 Temporary Redirect"
2: [default0]:INFO:httpx:HTTP Request: GET https://huggingface.co/api/models/gpt2/tree/main/additional_chat_templates?recursive=false&expand=false "HTTP/1.1 307 Temporary Redirect"
1: [default1]:INFO:httpx:HTTP Request: HEAD https://huggingface.co/gpt2/resolve/main/tokenizer_config.json "HTTP/1.1 200 OK"
1: [default2]:INFO:httpx:HTTP Request: HEAD https://huggingface.co/gpt2/resolve/main/tokenizer_config.json "HTTP/1.1 200 OK"
1: [default0]:INFO:httpx:HTTP Request: HEAD https://huggingface.co/gpt2/resolve/main/tokenizer_config.json "HTTP/1.1 200 OK"
0: [default0]:INFO:megatron.core.tokenizers.text.libraries.huggingface_tokenizer:1 special tokens added, resize your model accordingly.
0: [default0]:INFO:megatron.core.tokenizers.utils.build_tokenizer: > padded vocab (size: 50257) with 47 dummy tokens (new size: 50304)
0: [default0]:WARNING:megatron.core.rerun_state_machine:RerunStateMachine initialized in mode RerunMode.VALIDATE_RESULTS
0: [default0]:> initializing torch distributed ...
3: [default2]:INFO:httpx:HTTP Request: HEAD https://huggingface.co/gpt2/resolve/main/tokenizer_config.json "HTTP/1.1 200 OK"
2: [default2]:INFO:httpx:HTTP Request: GET https://huggingface.co/api/models/openai-community/gpt2/tree/main/additional_chat_templates?recursive=false&expand=false "HTTP/1.1 404 Not Found"
3: [default1]:INFO:httpx:HTTP Request: GET https://huggingface.co/api/models/gpt2/tree/main/additional_chat_templates?recursive=false&expand=false "HTTP/1.1 307 Temporary Redirect"
2: [default1]:INFO:httpx:HTTP Request: GET https://huggingface.co/api/models/openai-community/gpt2/tree/main/additional_chat_templates?recursive=false&expand=false "HTTP/1.1 404 Not Found"
2: [default0]:INFO:httpx:HTTP Request: GET https://huggingface.co/api/models/openai-community/gpt2/tree/main/additional_chat_templates?recursive=false&expand=false "HTTP/1.1 404 Not Found"
2: [default3]:INFO:httpx:HTTP Request: GET https://huggingface.co/api/models/openai-community/gpt2/tree/main/additional_chat_templates?recursive=false&expand=false "HTTP/1.1 404 Not Found"
1: [default1]:INFO:httpx:HTTP Request: GET https://huggingface.co/api/models/gpt2/tree/main/additional_chat_templates?recursive=false&expand=false "HTTP/1.1 307 Temporary Redirect"
1: [default2]:INFO:httpx:HTTP Request: GET https://huggingface.co/api/models/gpt2/tree/main/additional_chat_templates?recursive=false&expand=false "HTTP/1.1 307 Temporary Redirect"
1: [default3]:INFO:httpx:HTTP Request: HEAD https://huggingface.co/gpt2/resolve/main/tokenizer_config.json "HTTP/1.1 200 OK"
1: [default0]:INFO:httpx:HTTP Request: GET https://huggingface.co/api/models/gpt2/tree/main/additional_chat_templates?recursive=false&expand=false "HTTP/1.1 307 Temporary Redirect"
3: [default3]:INFO:httpx:HTTP Request: GET https://huggingface.co/api/models/gpt2/tree/main/additional_chat_templates?recursive=false&expand=false "HTTP/1.1 307 Temporary Redirect"
3: [default2]:INFO:httpx:HTTP Request: GET https://huggingface.co/api/models/gpt2/tree/main/additional_chat_templates?recursive=false&expand=false "HTTP/1.1 307 Temporary Redirect"
2: [default2]:INFO:httpx:HTTP Request: GET https://huggingface.co/api/models/gpt2/tree/main?recursive=true&expand=false "HTTP/1.1 307 Temporary Redirect"
3: [default0]:INFO:httpx:HTTP Request: GET https://huggingface.co/api/models/gpt2/tree/main/additional_chat_templates?recursive=false&expand=false "HTTP/1.1 307 Temporary Redirect"
2: [default3]:INFO:httpx:HTTP Request: GET https://huggingface.co/api/models/gpt2/tree/main?recursive=true&expand=false "HTTP/1.1 307 Temporary Redirect"
1: [default3]:INFO:httpx:HTTP Request: GET https://huggingface.co/api/models/gpt2/tree/main/additional_chat_templates?recursive=false&expand=false "HTTP/1.1 307 Temporary Redirect"
3: [default3]:INFO:httpx:HTTP Request: GET https://huggingface.co/api/models/openai-community/gpt2/tree/main/additional_chat_templates?recursive=false&expand=false "HTTP/1.1 404 Not Found"
3: [default2]:INFO:httpx:HTTP Request: GET https://huggingface.co/api/models/openai-community/gpt2/tree/main/additional_chat_templates?recursive=false&expand=false "HTTP/1.1 404 Not Found"
2: [default2]:INFO:httpx:HTTP Request: GET https://huggingface.co/api/models/openai-community/gpt2/tree/main?recursive=true&expand=false "HTTP/1.1 200 OK"
3: [default1]:INFO:httpx:HTTP Request: GET https://huggingface.co/api/models/openai-community/gpt2/tree/main/additional_chat_templates?recursive=false&expand=false "HTTP/1.1 404 Not Found"
3: [default0]:INFO:httpx:HTTP Request: GET https://huggingface.co/api/models/openai-community/gpt2/tree/main/additional_chat_templates?recursive=false&expand=false "HTTP/1.1 404 Not Found"
2: [default1]:INFO:httpx:HTTP Request: GET https://huggingface.co/api/models/gpt2/tree/main?recursive=true&expand=false "HTTP/1.1 307 Temporary Redirect"
2: [default0]:INFO:httpx:HTTP Request: GET https://huggingface.co/api/models/gpt2/tree/main?recursive=true&expand=false "HTTP/1.1 307 Temporary Redirect"
2: [default3]:INFO:httpx:HTTP Request: GET https://huggingface.co/api/models/openai-community/gpt2/tree/main?recursive=true&expand=false "HTTP/1.1 200 OK"
1: [default2]:INFO:httpx:HTTP Request: GET https://huggingface.co/api/models/openai-community/gpt2/tree/main/additional_chat_templates?recursive=false&expand=false "HTTP/1.1 404 Not Found"
1: [default1]:INFO:httpx:HTTP Request: GET https://huggingface.co/api/models/openai-community/gpt2/tree/main/additional_chat_templates?recursive=false&expand=false "HTTP/1.1 404 Not Found"
1: [default0]:INFO:httpx:HTTP Request: GET https://huggingface.co/api/models/openai-community/gpt2/tree/main/additional_chat_templates?recursive=false&expand=false "HTTP/1.1 404 Not Found"
3: [default3]:INFO:httpx:HTTP Request: GET https://huggingface.co/api/models/gpt2/tree/main?recursive=true&expand=false "HTTP/1.1 307 Temporary Redirect"
3: [default1]:INFO:httpx:HTTP Request: GET https://huggingface.co/api/models/gpt2/tree/main?recursive=true&expand=false "HTTP/1.1 307 Temporary Redirect"
3: [default0]:INFO:httpx:HTTP Request: GET https://huggingface.co/api/models/gpt2/tree/main?recursive=true&expand=false "HTTP/1.1 307 Temporary Redirect"
2: [default1]:INFO:httpx:HTTP Request: GET https://huggingface.co/api/models/openai-community/gpt2/tree/main?recursive=true&expand=false "HTTP/1.1 200 OK"
2: [default0]:INFO:httpx:HTTP Request: GET https://huggingface.co/api/models/openai-community/gpt2/tree/main?recursive=true&expand=false "HTTP/1.1 200 OK"
1: [default2]:INFO:httpx:HTTP Request: GET https://huggingface.co/api/models/gpt2/tree/main?recursive=true&expand=false "HTTP/1.1 307 Temporary Redirect"
1: [default1]:INFO:httpx:HTTP Request: GET https://huggingface.co/api/models/gpt2/tree/main?recursive=true&expand=false "HTTP/1.1 307 Temporary Redirect"
1: [default3]:INFO:httpx:HTTP Request: GET https://huggingface.co/api/models/openai-community/gpt2/tree/main/additional_chat_templates?recursive=false&expand=false "HTTP/1.1 404 Not Found"
1: [default0]:INFO:httpx:HTTP Request: GET https://huggingface.co/api/models/gpt2/tree/main?recursive=true&expand=false "HTTP/1.1 307 Temporary Redirect"
3: [default3]:INFO:httpx:HTTP Request: GET https://huggingface.co/api/models/openai-community/gpt2/tree/main?recursive=true&expand=false "HTTP/1.1 200 OK"
3: [default2]:INFO:httpx:HTTP Request: GET https://huggingface.co/api/models/gpt2/tree/main?recursive=true&expand=false "HTTP/1.1 307 Temporary Redirect"
3: [default1]:INFO:httpx:HTTP Request: GET https://huggingface.co/api/models/openai-community/gpt2/tree/main?recursive=true&expand=false "HTTP/1.1 200 OK"
3: [default0]:INFO:httpx:HTTP Request: GET https://huggingface.co/api/models/openai-community/gpt2/tree/main?recursive=true&expand=false "HTTP/1.1 200 OK"
1: [default2]:INFO:httpx:HTTP Request: GET https://huggingface.co/api/models/openai-community/gpt2/tree/main?recursive=true&expand=false "HTTP/1.1 200 OK"
1: [default1]:INFO:httpx:HTTP Request: GET https://huggingface.co/api/models/openai-community/gpt2/tree/main?recursive=true&expand=false "HTTP/1.1 200 OK"
1: [default3]:INFO:httpx:HTTP Request: GET https://huggingface.co/api/models/gpt2/tree/main?recursive=true&expand=false "HTTP/1.1 307 Temporary Redirect"
1: [default0]:INFO:httpx:HTTP Request: GET https://huggingface.co/api/models/openai-community/gpt2/tree/main?recursive=true&expand=false "HTTP/1.1 200 OK"
3: [default2]:INFO:httpx:HTTP Request: GET https://huggingface.co/api/models/openai-community/gpt2/tree/main?recursive=true&expand=false "HTTP/1.1 200 OK"
1: [default3]:INFO:httpx:HTTP Request: GET https://huggingface.co/api/models/openai-community/gpt2/tree/main?recursive=true&expand=false "HTTP/1.1 200 OK"
3: [default3]:WARNING: one_logger package is required to enable e2e metrics tracking. please go to https://confluence.nvidia.com/display/MLWFO/Package+Repositories for details to install it
0: [default0]:> initialized tensor model parallel with size 1
0: [default0]:> initialized pipeline model parallel with size 1
0: [default0]:> setting random seeds to 42 ...
0: [default0]:> compiling dataset index builder ...
0: [default0]:make: Entering directory '/users/jmaillef/gipfelsturm/Megatron-LM/megatron/core/datasets'
0: [default0]:make: Nothing to be done for 'default'.
0: [default0]:make: Leaving directory '/users/jmaillef/gipfelsturm/Megatron-LM/megatron/core/datasets'
0: [default0]:>>> done with dataset index builder. Compilation time: 0.116 seconds
0: [default0]:time to initialize megatron (seconds): 11.859
0: [default0]:[after in-process setup and before initialize_megatron] datetime: 2026-05-09 15:21:42.610591 
0: [default0]:[after in-job setup and before initialize_megatron] datetime: 2026-05-09 15:21:42.653376 
0: [default0]:[before library-setup] datetime: 2026-05-09 15:20:58.135017
0: [default0]:[after library-setup] datetime: 2026-05-09 15:21:42.532493
0: [default0]:[before megatron-init] datetime: 2026-05-09 15:21:42.610591
3: [default3]:INFO:megatron.core.timers:(min, max) time across ranks (ms):
3: [default3]:    startup-program-entry-spread ...................: (0.00, 2.65)
3: [default3]:    startup-library-setup ..........................: (44397.35, 45127.48)
3: [default3]:    startup-program-setup ..........................: (77.86, 85.66)
3: [default3]:    startup-in-process-setup .......................: (0.00, 0.00)
3: [default3]:    startup-in-job-setup ...........................: (41.43, 44.30)
3: [default3]:    startup-initialize-megatron ....................: (4031.79, 4765.21)
3: [default3]:    startup-set-jit-fusion-options .................: (3580.57, 4332.28)
3: [default3]:    all-reduce-start-timestamps-tensor .............: (1.19, 752.95)
3: [default3]:    startup-megatron-init-local ....................: (8408.58, 9140.37)
3: [default3]:    startup-megatron-init-global ...................: (53618.16, 53618.25)
0: [default0]:[after megatron is initialized] datetime: 2026-05-09 15:21:52.551465 
0: [default0]:building GPT model ...
0: [default0]: > number of parameters on (tensor, pipeline) model parallel rank (0, 0): 3531377664
0: [default0]:INFO:megatron.core.optimizer:Setting up optimizer with config OptimizerConfig(lr=0.0003, min_lr=3e-05, decoupled_lr=None, decoupled_min_lr=None, weight_decay=0.1, apply_wd_to_qk_layernorm=False, fp8_recipe='delayed', fp16=False, bf16=True, reuse_grad_buf_for_mxfp8_param_ag=False, params_dtype=torch.bfloat16, use_precision_aware_optimizer=False, store_param_remainders=True, main_grads_dtype=torch.float32, main_params_dtype=torch.float32, exp_avg_dtype=torch.float32, exp_avg_sq_dtype=torch.float32, optimizer='adam', loss_scale=None, initial_loss_scale=4294967296, min_loss_scale=1.0, loss_scale_window=1000, hysteresis=2, adam_beta1=0.9, adam_beta2=0.95, adam_eps=1e-08, decoupled_weight_decay=True, sgd_momentum=0.9, muon_momentum=0.9, muon_split_qkv=True, muon_nesterov=False, muon_scale_mode='spectral', muon_fp32_matmul_prec='medium', muon_coefficient_type='quintic', muon_num_ns_steps=5, muon_tp_mode='blockwise', muon_extra_scale_factor=1.0, muon_scalar_optimizer='adam', lion_beta1=0.95, lion_beta2=0.9
0: 8, soap_shampoo_beta=0.95, soap_precondition_frequency=1, soap_use_kl_shampoo=True, adaptive_muon_moment2_method='adamuon', adaptive_muon_beta2=0.95, adaptive_muon_eps=1e-08, use_distributed_optimizer=False, use_layer_wise_distributed_optimizer=False, overlap_param_gather=False, overlap_param_gather_with_optimizer_step=False, optimizer_cpu_offload=False, optimizer_offload_fraction=1.0, use_torch_optimizer_for_cpu_offload=False, overlap_cpu_optimizer_d2h_h2d=False, pin_cpu_grads=True, pin_cpu_params=True, offload_optimizer_states=False, clip_grad=1.0, log_num_zeros_in_grad=False, barrier_with_L1_time=True, timers=<megatron.core.timers.Timers object at 0x4006740ebaa0>, config_logger_dir='', optimizer_cuda_graph=False)
0: [default0]:INFO:megatron.core.optimizer_param_scheduler:> learning rate decay style: cosine
0: [default0]:[after model, optimizer, and learning rate scheduler are built] datetime: 2026-05-09 15:21:53.420738 
0: [default0]:> building train, validation, and test datasets ...
0: [default0]:    train:      25600
0: [default0]:    validation: 1280
0: [default0]:    test:       1280
1: [default0]:INFO:httpx:HTTP Request: HEAD https://huggingface.co/gpt2/resolve/main/config.json "HTTP/1.1 200 OK"
0: [default2]:INFO:httpx:HTTP Request: HEAD https://huggingface.co/gpt2/resolve/main/config.json "HTTP/1.1 200 OK"
0: [default1]:INFO:httpx:HTTP Request: HEAD https://huggingface.co/gpt2/resolve/main/config.json "HTTP/1.1 200 OK"
3: [default1]:INFO:httpx:HTTP Request: HEAD https://huggingface.co/gpt2/resolve/main/config.json "HTTP/1.1 200 OK"
3: [default0]:INFO:httpx:HTTP Request: HEAD https://huggingface.co/gpt2/resolve/main/config.json "HTTP/1.1 200 OK"
3: [default2]:INFO:httpx:HTTP Request: HEAD https://huggingface.co/gpt2/resolve/main/config.json "HTTP/1.1 200 OK"
3: [default3]:INFO:httpx:HTTP Request: HEAD https://huggingface.co/gpt2/resolve/main/config.json "HTTP/1.1 200 OK"
2: [default1]:INFO:httpx:HTTP Request: HEAD https://huggingface.co/gpt2/resolve/main/config.json "HTTP/1.1 200 OK"
2: [default2]:INFO:httpx:HTTP Request: HEAD https://huggingface.co/gpt2/resolve/main/config.json "HTTP/1.1 200 OK"
1: [default1]:INFO:httpx:HTTP Request: HEAD https://huggingface.co/gpt2/resolve/main/config.json "HTTP/1.1 200 OK"
1: [default2]:INFO:httpx:HTTP Request: HEAD https://huggingface.co/gpt2/resolve/main/config.json "HTTP/1.1 200 OK"
1: [default3]:INFO:httpx:HTTP Request: HEAD https://huggingface.co/gpt2/resolve/main/config.json "HTTP/1.1 200 OK"
2: [default3]:INFO:httpx:HTTP Request: HEAD https://huggingface.co/gpt2/resolve/main/config.json "HTTP/1.1 200 OK"
2: [default0]:INFO:httpx:HTTP Request: HEAD https://huggingface.co/gpt2/resolve/main/config.json "HTTP/1.1 200 OK"
0: [default3]:INFO:httpx:HTTP Request: HEAD https://huggingface.co/gpt2/resolve/main/config.json "HTTP/1.1 200 OK"
0: [default0]:INFO:httpx:HTTP Request: HEAD https://huggingface.co/gpt2/resolve/main/config.json "HTTP/1.1 200 OK"
3: [default1]:INFO:httpx:HTTP Request: HEAD https://huggingface.co/gpt2/resolve/main/tokenizer_config.json "HTTP/1.1 200 OK"
3: [default0]:INFO:httpx:HTTP Request: HEAD https://huggingface.co/gpt2/resolve/main/tokenizer_config.json "HTTP/1.1 200 OK"
3: [default2]:INFO:httpx:HTTP Request: HEAD https://huggingface.co/gpt2/resolve/main/tokenizer_config.json "HTTP/1.1 200 OK"
3: [default3]:INFO:httpx:HTTP Request: HEAD https://huggingface.co/gpt2/resolve/main/tokenizer_config.json "HTTP/1.1 200 OK"
2: [default1]:INFO:httpx:HTTP Request: HEAD https://huggingface.co/gpt2/resolve/main/tokenizer_config.json "HTTP/1.1 200 OK"
2: [default2]:INFO:httpx:HTTP Request: HEAD https://huggingface.co/gpt2/resolve/main/tokenizer_config.json "HTTP/1.1 200 OK"
1: [default1]:INFO:httpx:HTTP Request: HEAD https://huggingface.co/gpt2/resolve/main/tokenizer_config.json "HTTP/1.1 200 OK"
1: [default2]:INFO:httpx:HTTP Request: HEAD https://huggingface.co/gpt2/resolve/main/tokenizer_config.json "HTTP/1.1 200 OK"
1: [default3]:INFO:httpx:HTTP Request: HEAD https://huggingface.co/gpt2/resolve/main/tokenizer_config.json "HTTP/1.1 200 OK"
2: [default3]:INFO:httpx:HTTP Request: HEAD https://huggingface.co/gpt2/resolve/main/tokenizer_config.json "HTTP/1.1 200 OK"
2: [default0]:INFO:httpx:HTTP Request: HEAD https://huggingface.co/gpt2/resolve/main/tokenizer_config.json "HTTP/1.1 200 OK"
1: [default0]:INFO:httpx:HTTP Request: HEAD https://huggingface.co/gpt2/resolve/main/tokenizer_config.json "HTTP/1.1 200 OK"
0: [default3]:INFO:httpx:HTTP Request: HEAD https://huggingface.co/gpt2/resolve/main/tokenizer_config.json "HTTP/1.1 200 OK"
0: [default2]:INFO:httpx:HTTP Request: HEAD https://huggingface.co/gpt2/resolve/main/tokenizer_config.json "HTTP/1.1 200 OK"
0: [default0]:INFO:httpx:HTTP Request: HEAD https://huggingface.co/gpt2/resolve/main/tokenizer_config.json "HTTP/1.1 200 OK"
0: [default1]:INFO:httpx:HTTP Request: HEAD https://huggingface.co/gpt2/resolve/main/tokenizer_config.json "HTTP/1.1 200 OK"
3: [default1]:INFO:httpx:HTTP Request: GET https://huggingface.co/api/models/gpt2/tree/main/additional_chat_templates?recursive=false&expand=false "HTTP/1.1 307 Temporary Redirect"
3: [default3]:INFO:httpx:HTTP Request: GET https://huggingface.co/api/models/gpt2/tree/main/additional_chat_templates?recursive=false&expand=false "HTTP/1.1 307 Temporary Redirect"
2: [default1]:INFO:httpx:HTTP Request: GET https://huggingface.co/api/models/gpt2/tree/main/additional_chat_templates?recursive=false&expand=false "HTTP/1.1 307 Temporary Redirect"
1: [default2]:INFO:httpx:HTTP Request: GET https://huggingface.co/api/models/gpt2/tree/main/additional_chat_templates?recursive=false&expand=false "HTTP/1.1 307 Temporary Redirect"
1: [default3]:INFO:httpx:HTTP Request: GET https://huggingface.co/api/models/gpt2/tree/main/additional_chat_templates?recursive=false&expand=false "HTTP/1.1 307 Temporary Redirect"
1: [default0]:INFO:httpx:HTTP Request: GET https://huggingface.co/api/models/gpt2/tree/main/additional_chat_templates?recursive=false&expand=false "HTTP/1.1 307 Temporary Redirect"
0: [default3]:INFO:httpx:HTTP Request: GET https://huggingface.co/api/models/gpt2/tree/main/additional_chat_templates?recursive=false&expand=false "HTTP/1.1 307 Temporary Redirect"
0: [default2]:INFO:httpx:HTTP Request: GET https://huggingface.co/api/models/gpt2/tree/main/additional_chat_templates?recursive=false&expand=false "HTTP/1.1 307 Temporary Redirect"
0: [default0]:INFO:httpx:HTTP Request: GET https://huggingface.co/api/models/gpt2/tree/main/additional_chat_templates?recursive=false&expand=false "HTTP/1.1 307 Temporary Redirect"
0: [default1]:INFO:httpx:HTTP Request: GET https://huggingface.co/api/models/gpt2/tree/main/additional_chat_templates?recursive=false&expand=false "HTTP/1.1 307 Temporary Redirect"
3: [default1]:INFO:httpx:HTTP Request: GET https://huggingface.co/api/models/openai-community/gpt2/tree/main/additional_chat_templates?recursive=false&expand=false "HTTP/1.1 404 Not Found"
3: [default0]:INFO:httpx:HTTP Request: GET https://huggingface.co/api/models/gpt2/tree/main/additional_chat_templates?recursive=false&expand=false "HTTP/1.1 307 Temporary Redirect"
3: [default2]:INFO:httpx:HTTP Request: GET https://huggingface.co/api/models/gpt2/tree/main/additional_chat_templates?recursive=false&expand=false "HTTP/1.1 307 Temporary Redirect"
3: [default3]:INFO:httpx:HTTP Request: GET https://huggingface.co/api/models/openai-community/gpt2/tree/main/additional_chat_templates?recursive=false&expand=false "HTTP/1.1 404 Not Found"
2: [default2]:INFO:httpx:HTTP Request: GET https://huggingface.co/api/models/gpt2/tree/main/additional_chat_templates?recursive=false&expand=false "HTTP/1.1 307 Temporary Redirect"
2: [default1]:INFO:httpx:HTTP Request: GET https://huggingface.co/api/models/openai-community/gpt2/tree/main/additional_chat_templates?recursive=false&expand=false "HTTP/1.1 404 Not Found"
1: [default1]:INFO:httpx:HTTP Request: GET https://huggingface.co/api/models/gpt2/tree/main/additional_chat_templates?recursive=false&expand=false "HTTP/1.1 307 Temporary Redirect"
1: [default2]:INFO:httpx:HTTP Request: GET https://huggingface.co/api/models/openai-community/gpt2/tree/main/additional_chat_templates?recursive=false&expand=false "HTTP/1.1 404 Not Found"
1: [default3]:INFO:httpx:HTTP Request: GET https://huggingface.co/api/models/openai-community/gpt2/tree/main/additional_chat_templates?recursive=false&expand=false "HTTP/1.1 404 Not Found"
2: [default3]:INFO:httpx:HTTP Request: GET https://huggingface.co/api/models/gpt2/tree/main/additional_chat_templates?recursive=false&expand=false "HTTP/1.1 307 Temporary Redirect"
2: [default0]:INFO:httpx:HTTP Request: GET https://huggingface.co/api/models/gpt2/tree/main/additional_chat_templates?recursive=false&expand=false "HTTP/1.1 307 Temporary Redirect"
1: [default0]:INFO:httpx:HTTP Request: GET https://huggingface.co/api/models/openai-community/gpt2/tree/main/additional_chat_templates?recursive=false&expand=false "HTTP/1.1 404 Not Found"
0: [default3]:INFO:httpx:HTTP Request: GET https://huggingface.co/api/models/openai-community/gpt2/tree/main/additional_chat_templates?recursive=false&expand=false "HTTP/1.1 404 Not Found"
0: [default2]:INFO:httpx:HTTP Request: GET https://huggingface.co/api/models/openai-community/gpt2/tree/main/additional_chat_templates?recursive=false&expand=false "HTTP/1.1 404 Not Found"
0: [default1]:INFO:httpx:HTTP Request: GET https://huggingface.co/api/models/openai-community/gpt2/tree/main/additional_chat_templates?recursive=false&expand=false "HTTP/1.1 404 Not Found"
3: [default1]:INFO:httpx:HTTP Request: GET https://huggingface.co/api/models/gpt2/tree/main?recursive=true&expand=false "HTTP/1.1 307 Temporary Redirect"
3: [default0]:INFO:httpx:HTTP Request: GET https://huggingface.co/api/models/openai-community/gpt2/tree/main/additional_chat_templates?recursive=false&expand=false "HTTP/1.1 404 Not Found"
3: [default2]:INFO:httpx:HTTP Request: GET https://huggingface.co/api/models/openai-community/gpt2/tree/main/additional_chat_templates?recursive=false&expand=false "HTTP/1.1 404 Not Found"
3: [default3]:INFO:httpx:HTTP Request: GET https://huggingface.co/api/models/gpt2/tree/main?recursive=true&expand=false "HTTP/1.1 307 Temporary Redirect"
2: [default1]:INFO:httpx:HTTP Request: GET https://huggingface.co/api/models/gpt2/tree/main?recursive=true&expand=false "HTTP/1.1 307 Temporary Redirect"
2: [default2]:INFO:httpx:HTTP Request: GET https://huggingface.co/api/models/openai-community/gpt2/tree/main/additional_chat_templates?recursive=false&expand=false "HTTP/1.1 404 Not Found"
1: [default1]:INFO:httpx:HTTP Request: GET https://huggingface.co/api/models/openai-community/gpt2/tree/main/additional_chat_templates?recursive=false&expand=false "HTTP/1.1 404 Not Found"
1: [default2]:INFO:httpx:HTTP Request: GET https://huggingface.co/api/models/gpt2/tree/main?recursive=true&expand=false "HTTP/1.1 307 Temporary Redirect"
1: [default3]:INFO:httpx:HTTP Request: GET https://huggingface.co/api/models/gpt2/tree/main?recursive=true&expand=false "HTTP/1.1 307 Temporary Redirect"
2: [default3]:INFO:httpx:HTTP Request: GET https://huggingface.co/api/models/openai-community/gpt2/tree/main/additional_chat_templates?recursive=false&expand=false "HTTP/1.1 404 Not Found"
2: [default0]:INFO:httpx:HTTP Request: GET https://huggingface.co/api/models/openai-community/gpt2/tree/main/additional_chat_templates?recursive=false&expand=false "HTTP/1.1 404 Not Found"
1: [default0]:INFO:httpx:HTTP Request: GET https://huggingface.co/api/models/gpt2/tree/main?recursive=true&expand=false "HTTP/1.1 307 Temporary Redirect"
0: [default3]:INFO:httpx:HTTP Request: GET https://huggingface.co/api/models/gpt2/tree/main?recursive=true&expand=false "HTTP/1.1 307 Temporary Redirect"
0: [default2]:INFO:httpx:HTTP Request: GET https://huggingface.co/api/models/gpt2/tree/main?recursive=true&expand=false "HTTP/1.1 307 Temporary Redirect"
0: [default0]:INFO:httpx:HTTP Request: GET https://huggingface.co/api/models/openai-community/gpt2/tree/main/additional_chat_templates?recursive=false&expand=false "HTTP/1.1 404 Not Found"
0: [default1]:INFO:httpx:HTTP Request: GET https://huggingface.co/api/models/gpt2/tree/main?recursive=true&expand=false "HTTP/1.1 307 Temporary Redirect"
3: [default1]:INFO:httpx:HTTP Request: GET https://huggingface.co/api/models/openai-community/gpt2/tree/main?recursive=true&expand=false "HTTP/1.1 200 OK"
3: [default0]:INFO:httpx:HTTP Request: GET https://huggingface.co/api/models/gpt2/tree/main?recursive=true&expand=false "HTTP/1.1 307 Temporary Redirect"
3: [default2]:INFO:httpx:HTTP Request: GET https://huggingface.co/api/models/gpt2/tree/main?recursive=true&expand=false "HTTP/1.1 307 Temporary Redirect"
3: [default3]:INFO:httpx:HTTP Request: GET https://huggingface.co/api/models/openai-community/gpt2/tree/main?recursive=true&expand=false "HTTP/1.1 200 OK"
2: [default1]:INFO:httpx:HTTP Request: GET https://huggingface.co/api/models/openai-community/gpt2/tree/main?recursive=true&expand=false "HTTP/1.1 200 OK"
2: [default2]:INFO:httpx:HTTP Request: GET https://huggingface.co/api/models/gpt2/tree/main?recursive=true&expand=false "HTTP/1.1 307 Temporary Redirect"
1: [default1]:INFO:httpx:HTTP Request: GET https://huggingface.co/api/models/gpt2/tree/main?recursive=true&expand=false "HTTP/1.1 307 Temporary Redirect"
1: [default2]:INFO:httpx:HTTP Request: GET https://huggingface.co/api/models/openai-community/gpt2/tree/main?recursive=true&expand=false "HTTP/1.1 200 OK"
1: [default3]:INFO:httpx:HTTP Request: GET https://huggingface.co/api/models/openai-community/gpt2/tree/main?recursive=true&expand=false "HTTP/1.1 200 OK"
2: [default3]:INFO:httpx:HTTP Request: GET https://huggingface.co/api/models/gpt2/tree/main?recursive=true&expand=false "HTTP/1.1 307 Temporary Redirect"
2: [default0]:INFO:httpx:HTTP Request: GET https://huggingface.co/api/models/gpt2/tree/main?recursive=true&expand=false "HTTP/1.1 307 Temporary Redirect"
1: [default0]:INFO:httpx:HTTP Request: GET https://huggingface.co/api/models/openai-community/gpt2/tree/main?recursive=true&expand=false "HTTP/1.1 200 OK"
0: [default3]:INFO:httpx:HTTP Request: GET https://huggingface.co/api/models/openai-community/gpt2/tree/main?recursive=true&expand=false "HTTP/1.1 200 OK"
0: [default2]:INFO:httpx:HTTP Request: GET https://huggingface.co/api/models/openai-community/gpt2/tree/main?recursive=true&expand=false "HTTP/1.1 200 OK"
0: [default0]:INFO:httpx:HTTP Request: GET https://huggingface.co/api/models/gpt2/tree/main?recursive=true&expand=false "HTTP/1.1 307 Temporary Redirect"
0: [default1]:INFO:httpx:HTTP Request: GET https://huggingface.co/api/models/openai-community/gpt2/tree/main?recursive=true&expand=false "HTTP/1.1 200 OK"
0: [default0]:INFO:httpx:HTTP Request: GET https://huggingface.co/api/models/openai-community/gpt2/tree/main?recursive=true&expand=false "HTTP/1.1 200 OK"
3: [default0]:INFO:httpx:HTTP Request: GET https://huggingface.co/api/models/openai-community/gpt2/tree/main?recursive=true&expand=false "HTTP/1.1 200 OK"
3: [default2]:INFO:httpx:HTTP Request: GET https://huggingface.co/api/models/openai-community/gpt2/tree/main?recursive=true&expand=false "HTTP/1.1 200 OK"
2: [default2]:INFO:httpx:HTTP Request: GET https://huggingface.co/api/models/openai-community/gpt2/tree/main?recursive=true&expand=false "HTTP/1.1 200 OK"
1: [default1]:INFO:httpx:HTTP Request: GET https://huggingface.co/api/models/openai-community/gpt2/tree/main?recursive=true&expand=false "HTTP/1.1 200 OK"
2: [default3]:INFO:httpx:HTTP Request: GET https://huggingface.co/api/models/openai-community/gpt2/tree/main?recursive=true&expand=false "HTTP/1.1 200 OK"
2: [default0]:INFO:httpx:HTTP Request: GET https://huggingface.co/api/models/openai-community/gpt2/tree/main?recursive=true&expand=false "HTTP/1.1 200 OK"
0: [default0]:INFO:megatron.core.tokenizers.text.libraries.huggingface_tokenizer:1 special tokens added, resize your model accordingly.
0: [default0]:INFO:megatron.core.datasets.blended_megatron_dataset_config:Let split_matrix = [(0, 0.99), (0.99, 1.0), None]
0: [default0]:> building train, validation, and test datasets for GPT ...
0: [default0]:INFO:megatron.core.datasets.blended_megatron_dataset_builder:Building GPTDataset splits with sizes=(25600, 1280, 1280) and config=GPTDatasetConfig(random_seed=42, sequence_length=4096, blend=(['/iopsstor/scratch/cscs/jmaillef/dataset/climbmix_small/climbmix_small'], None), blend_per_split=None, multiple_validation_sets=False, full_validation=False, split='99,1,0', split_matrix=[(0, 0.99), (0.99, 1.0), None], num_dataset_builder_threads=1, path_to_cache='/iopsstor/scratch/cscs/jmaillef/gipfelsturm/cache', mmap_bin_files=True, mock=False, tokenizer=<megatron.core.tokenizers.text.models.default_tokenizer.DefaultTokenizerText object at 0x400c33f2b860>, mid_level_dataset_surplus=0.005
0: , allow_ambiguous_pad_tokens=False, fast_cache_load=False, defer_npy_index_mmap=False, reset_position_ids=False, reset_attention_mask=False, eod_mask_loss=False, create_attention_mask=True, drop_last_partial_validation_sequence=True, add_extra_token_to_sequence=True, object_storage_cache_path=None, data_parallel_size=16, sequence_parallel_size=0, dynamic_context_parallel=False, sequences_per_dataset=None, token_dtype_code=8, context_parallel_size=1, sft_mock_dataset_config_json=None)
0: [default0]:INFO:megatron.core.datasets.indexed_dataset:Load the _IndexReader from /iopsstor/scratch/cscs/jmaillef/dataset/climbmix_small/climbmix_small.idx
0: [default0]:INFO:megatron.core.datasets.indexed_dataset:	Extract the sequence lengths
0: [default0]:INFO:megatron.core.datasets.indexed_dataset:	Extract the sequence pointers
0: [default0]:INFO:megatron.core.datasets.indexed_dataset:	Extract the document indices
0: [default0]:INFO:megatron.core.datasets.indexed_dataset:> total number of sequences: 48965906
0: [default0]:INFO:megatron.core.
0: datasets.indexed_dataset:> total number of documents: 48965906
0: [default0]:INFO:megatron.core.datasets.gpt_dataset:Load the GPTDataset train indices
0: [default0]:INFO:megatron.core.datasets.gpt_dataset:	Load the document index from 7c8ae85e1b8ba210747226d4e116ba19-GPTDataset-train-document_index.npy
0: [default0]:INFO:megatron.core.datasets.gpt_dataset:	Load the sample index from 7c8ae85e1b8ba210747226d4e116ba19-GPTDataset-train-sample_index.npy
0: [default0]:INFO:megatron.core.datasets.gpt_dataset:	Load the shuffle index from 7c8ae85e1b8ba210747226d4e116ba19-GPTDataset-train-shuffle_index.npy
0: [default0]:INFO:megatron.core.datasets.gpt_dataset:> total number of samples: 8612827
0: [default0]:INFO:megatron.core.datasets.gpt_dataset:Load the GPTDataset valid indices
0: [default0]:INFO:megatron.core.datasets.gpt_dataset:	Load the document index from d9f41f986ecce32149d01a6ab56b8b38-GPTDataset-valid-document_index.npy
0: [default0]:INFO:megatron.core.datasets.gpt_dataset:	Load the sample index from d9f41f986ecce32149d01a6ab56b8b38
0: -GPTDataset-valid-sample_index.npy
0: [default0]:INFO:megatron.core.datasets.gpt_dataset:	Load the shuffle index from d9f41f986ecce32149d01a6ab56b8b38-GPTDataset-valid-shuffle_index.npy
0: [default0]:INFO:megatron.core.datasets.gpt_dataset:> total number of samples: 61644
0: [default0]:> finished creating GPT datasets ...
3: [default3]:INFO:megatron.core.timers:(min, max) time across ranks (ms):
3: [default3]:    model-and-optimizer-setup ......................: (868.44, 868.75)
3: [default3]:    train/valid/test-data-iterators-setup ..........: (1222.40, 1370.66)
0: [default0]:[after dataloaders are built] datetime: 2026-05-09 15:21:54.795324 
0: [default0]:done with setup ...
0: [default0]:training ...
0: [default0]:Overwriting rerun_state_machine.current_iteration from -1 to 0...
0: [default0]:[before the start of training step] datetime: 2026-05-09 15:21:54.811135 
0: [default0]:Number of parameters in transformer block in billions:  3.22
0: [default0]:Number of active parameters in transformer block in billions:  3.22
0: [default0]:Number of parameters in embedding layers in billions: 0.31
0: [default0]:Total number of parameters in billions: 3.53
0: [default0]:Total number of active parameters in billions: 3.53
0: [default0]:Number of parameters in most loaded shard in billions: 3.5305
0: [default0]:compute_activation_memory_without_sp
0: [default0]:Activation memory footprint per transformer layer (precise, without SP): 1632.0 MB
0: [default0]:Theoretical memory footprints: weight and optimizer=60604.93 MB, activation=56637.13 MB, total=117242.06 MB
0: [default0]:
0: [default0]:[Rank 0] (after 1 iterations) memory (MB) | allocated: 3900.49 | max allocated: 55315.59 | reserved: 61382.00 | max reserved: 61382.00
3: [default3]: [2026-05-09 15:22:06.755602] iteration        1/     100 | consumed samples:          256 | elapsed time per iteration (ms): 11946.6 | throughput per GPU (TFLOP/s/GPU): 124.4 | tokens/sec/GPU: 5486 | learning rate: 6.000000E-06 | global batch size:   256 | lm loss: 1.143125E+01 | loss scale: 1.0 | grad norm: 18.622 | number of skipped iterations:   0 | number of nan iterations:   0 |
3: [default3]: [2026-05-09 15:22:10.342000] iteration        2/     100 | consumed samples:          512 | elapsed time per iteration (ms): 7766.4 | throughput per GPU (TFLOP/s/GPU): 191.3 | tokens/sec/GPU: 8438 | learning rate: 1.200000E-05 | global batch size:   256 | lm loss: 1.142835E+01 | loss scale: 1.0 | grad norm: 16.335 | number of skipped iterations:   0 | number of nan iterations:   0 |
0: [default0]:Number of parameters in transformer block in billions:  3.22
0: [default0]:Number of active parameters in transformer block in billions:  3.22
0: [default0]:Number of parameters in embedding layers in billions: 0.31
0: [default0]:Total number of parameters in billions: 3.53
0: [default0]:Total number of active parameters in billions: 3.53
0: [default0]:Number of parameters in most loaded shard in billions: 3.5305
0: [default0]:compute_activation_memory_without_sp
0: [default0]:Activation memory footprint per transformer layer (precise, without SP): 1632.0 MB
0: [default0]:Theoretical memory footprints: weight and optimizer=60604.93 MB, activation=56637.13 MB, total=117242.06 MB
0: [default0]:
0: [default0]:[Rank 0] (after 2 iterations) memory (MB) | allocated: 3901.06 | max allocated: 57001.97 | reserved: 61384.00 | max reserved: 61384.00
3: [default3]: [2026-05-09 15:22:13.927637] iteration        3/     100 | consumed samples:          768 | elapsed time per iteration (ms): 3585.4 | throughput per GPU (TFLOP/s/GPU): 414.4 | tokens/sec/GPU: 18278 | learning rate: 1.800000E-05 | global batch size:   256 | lm loss: 1.061268E+01 | loss scale: 1.0 | grad norm: 18.731 | number of skipped iterations:   0 | number of nan iterations:   0 |
3: [default3]: [2026-05-09 15:22:17.508215] iteration        4/     100 | consumed samples:         1024 | elapsed time per iteration (ms): 3580.4 | throughput per GPU (TFLOP/s/GPU): 415.0 | tokens/sec/GPU: 18304 | learning rate: 2.400000E-05 | global batch size:   256 | lm loss: 1.395673E+01 | loss scale: 1.0 | grad norm: 207.383 | number of skipped iterations:   0 | number of nan iterations:   0 |
3: [default3]: [2026-05-09 15:22:21.094782] iteration        5/     100 | consumed samples:         1280 | elapsed time per iteration (ms): 3586.4 | throughput per GPU (TFLOP/s/GPU): 414.3 | tokens/sec/GPU: 18273 | learning rate: 3.000000E-05 | global batch size:   256 | lm loss: 1.447328E+01 | loss scale: 1.0 | grad norm: 190.857 | number of skipped iterations:   0 | number of nan iterations:   0 |
3: [default3]: [2026-05-09 15:22:24.678452] iteration        6/     100 | consumed samples:         1536 | elapsed time per iteration (ms): 3583.5 | throughput per GPU (TFLOP/s/GPU): 414.6 | tokens/sec/GPU: 18288 | learning rate: 3.600000E-05 | global batch size:   256 | lm loss: 1.117356E+01 | loss scale: 1.0 | grad norm: 30.356 | number of skipped iterations:   0 | number of nan iterations:   0 |
3: [default3]: [2026-05-09 15:22:28.258594] iteration        7/     100 | consumed samples:         1792 | elapsed time per iteration (ms): 3580.0 | throughput per GPU (TFLOP/s/GPU): 415.0 | tokens/sec/GPU: 18306 | learning rate: 4.200000E-05 | global batch size:   256 | lm loss: 1.317469E+01 | loss scale: 1.0 | grad norm: 111.605 | number of skipped iterations:   0 | number of nan iterations:   0 |
3: [default3]: [2026-05-09 15:22:31.838894] iteration        8/     100 | consumed samples:         2048 | elapsed time per iteration (ms): 3580.2 | throughput per GPU (TFLOP/s/GPU): 415.0 | tokens/sec/GPU: 18305 | learning rate: 4.800000E-05 | global batch size:   256 | lm loss: 1.157475E+01 | loss scale: 1.0 | grad norm: 75.838 | number of skipped iterations:   0 | number of nan iterations:   0 |
3: [default3]: [2026-05-09 15:22:35.420870] iteration        9/     100 | consumed samples:         2304 | elapsed time per iteration (ms): 3581.8 | throughput per GPU (TFLOP/s/GPU): 414.8 | tokens/sec/GPU: 18297 | learning rate: 5.400000E-05 | global batch size:   256 | lm loss: 1.058142E+01 | loss scale: 1.0 | grad norm: 13.448 | number of skipped iterations:   0 | number of nan iterations:   0 |
3: [default3]: [2026-05-09 15:22:39.002104] iteration       10/     100 | consumed samples:         2560 | elapsed time per iteration (ms): 3581.0 | throughput per GPU (TFLOP/s/GPU): 414.9 | tokens/sec/GPU: 18301 | learning rate: 6.000000E-05 | global batch size:   256 | lm loss: 1.024325E+01 | loss scale: 1.0 | grad norm: 18.562 | number of skipped iterations:   0 | number of nan iterations:   0 |
3: [default3]: [2026-05-09 15:22:42.580057] iteration       11/     100 | consumed samples:         2816 | elapsed time per iteration (ms): 3577.8 | throughput per GPU (TFLOP/s/GPU): 415.3 | tokens/sec/GPU: 18317 | learning rate: 6.600000E-05 | global batch size:   256 | lm loss: 1.002653E+01 | loss scale: 1.0 | grad norm: 11.883 | number of skipped iterations:   0 | number of nan iterations:   0 |
3: [default3]: [2026-05-09 15:22:46.158798] iteration       12/     100 | consumed samples:         3072 | elapsed time per iteration (ms): 3578.6 | throughput per GPU (TFLOP/s/GPU): 415.2 | tokens/sec/GPU: 18313 | learning rate: 7.200000E-05 | global batch size:   256 | lm loss: 9.915612E+00 | loss scale: 1.0 | grad norm: 12.541 | number of skipped iterations:   0 | number of nan iterations:   0 |
3: [default3]: [2026-05-09 15:22:49.734574] iteration       13/     100 | consumed samples:         3328 | elapsed time per iteration (ms): 3575.6 | throughput per GPU (TFLOP/s/GPU): 415.5 | tokens/sec/GPU: 18329 | learning rate: 7.800000E-05 | global batch size:   256 | lm loss: 9.539377E+00 | loss scale: 1.0 | grad norm: 5.314 | number of skipped iterations:   0 | number of nan iterations:   0 |
3: [default3]: [2026-05-09 15:22:53.314515] iteration       14/     100 | consumed samples:         3584 | elapsed time per iteration (ms): 3579.8 | throughput per GPU (TFLOP/s/GPU): 415.0 | tokens/sec/GPU: 18307 | learning rate: 8.400000E-05 | global batch size:   256 | lm loss: 9.131393E+00 | loss scale: 1.0 | grad norm: 9.327 | number of skipped iterations:   0 | number of nan iterations:   0 |
3: [default3]: [2026-05-09 15:22:56.890108] iteration       15/     100 | consumed samples:         3840 | elapsed time per iteration (ms): 3575.4 | throughput per GPU (TFLOP/s/GPU): 415.5 | tokens/sec/GPU: 18330 | learning rate: 9.000000E-05 | global batch size:   256 | lm loss: 8.882584E+00 | loss scale: 1.0 | grad norm: 13.686 | number of skipped iterations:   0 | number of nan iterations:   0 |
3: [default3]: [2026-05-09 15:23:00.464590] iteration       16/     100 | consumed samples:         4096 | elapsed time per iteration (ms): 3574.3 | throughput per GPU (TFLOP/s/GPU): 415.7 | tokens/sec/GPU: 18335 | learning rate: 9.600000E-05 | global batch size:   256 | lm loss: 8.985122E+00 | loss scale: 1.0 | grad norm: 25.796 | number of skipped iterations:   0 | number of nan iterations:   0 |
3: [default3]: [2026-05-09 15:23:04.043238] iteration       17/     100 | consumed samples:         4352 | elapsed time per iteration (ms): 3578.5 | throughput per GPU (TFLOP/s/GPU): 415.2 | tokens/sec/GPU: 18314 | learning rate: 1.020000E-04 | global batch size:   256 | lm loss: 8.372640E+00 | loss scale: 1.0 | grad norm: 5.263 | number of skipped iterations:   0 | number of nan iterations:   0 |
3: [default3]: [2026-05-09 15:23:07.623268] iteration       18/     100 | consumed samples:         4608 | elapsed time per iteration (ms): 3579.8 | throughput per GPU (TFLOP/s/GPU): 415.0 | tokens/sec/GPU: 18307 | learning rate: 1.080000E-04 | global batch size:   256 | lm loss: 8.351396E+00 | loss scale: 1.0 | grad norm: 4.914 | number of skipped iterations:   0 | number of nan iterations:   0 |
3: [default3]: [2026-05-09 15:23:11.206629] iteration       19/     100 | consumed samples:         4864 | elapsed time per iteration (ms): 3583.2 | throughput per GPU (TFLOP/s/GPU): 414.6 | tokens/sec/GPU: 18290 | learning rate: 1.140000E-04 | global batch size:   256 | lm loss: 8.134160E+00 | loss scale: 1.0 | grad norm: 4.682 | number of skipped iterations:   0 | number of nan iterations:   0 |
3: [default3]: [2026-05-09 15:23:14.792759] iteration       20/     100 | consumed samples:         5120 | elapsed time per iteration (ms): 3586.0 | throughput per GPU (TFLOP/s/GPU): 414.3 | tokens/sec/GPU: 18276 | learning rate: 1.200000E-04 | global batch size:   256 | lm loss: 7.928572E+00 | loss scale: 1.0 | grad norm: 4.221 | number of skipped iterations:   0 | number of nan iterations:   0 |
3: [default3]: [2026-05-09 15:23:18.375951] iteration       21/     100 | consumed samples:         5376 | elapsed time per iteration (ms): 3583.0 | throughput per GPU (TFLOP/s/GPU): 414.7 | tokens/sec/GPU: 18291 | learning rate: 1.260000E-04 | global batch size:   256 | lm loss: 7.806571E+00 | loss scale: 1.0 | grad norm: 5.562 | number of skipped iterations:   0 | number of nan iterations:   0 |
3: [default3]: [2026-05-09 15:23:21.958199] iteration       22/     100 | consumed samples:         5632 | elapsed time per iteration (ms): 3582.0 | throughput per GPU (TFLOP/s/GPU): 414.8 | tokens/sec/GPU: 18296 | learning rate: 1.320000E-04 | global batch size:   256 | lm loss: 7.744712E+00 | loss scale: 1.0 | grad norm: 7.022 | number of skipped iterations:   0 | number of nan iterations:   0 |
3: [default3]: [2026-05-09 15:23:25.537636] iteration       23/     100 | consumed samples:         5888 | elapsed time per iteration (ms): 3579.3 | throughput per GPU (TFLOP/s/GPU): 415.1 | tokens/sec/GPU: 18310 | learning rate: 1.380000E-04 | global batch size:   256 | lm loss: 7.737682E+00 | loss scale: 1.0 | grad norm: 11.724 | number of skipped iterations:   0 | number of nan iterations:   0 |
3: [default3]: [2026-05-09 15:23:29.115615] iteration       24/     100 | consumed samples:         6144 | elapsed time per iteration (ms): 3577.8 | throughput per GPU (TFLOP/s/GPU): 415.3 | tokens/sec/GPU: 18317 | learning rate: 1.440000E-04 | global batch size:   256 | lm loss: 7.686564E+00 | loss scale: 1.0 | grad norm: 8.056 | number of skipped iterations:   0 | number of nan iterations:   0 |
3: [default3]: [2026-05-09 15:23:32.701414] iteration       25/     100 | consumed samples:         6400 | elapsed time per iteration (ms): 3585.6 | throughput per GPU (TFLOP/s/GPU): 414.4 | tokens/sec/GPU: 18277 | learning rate: 1.500000E-04 | global batch size:   256 | lm loss: 7.716967E+00 | loss scale: 1.0 | grad norm: 2.694 | number of skipped iterations:   0 | number of nan iterations:   0 |
3: [default3]: [2026-05-09 15:23:36.285691] iteration       26/     100 | consumed samples:         6656 | elapsed time per iteration (ms): 3584.1 | throughput per GPU (TFLOP/s/GPU): 414.5 | tokens/sec/GPU: 18285 | learning rate: 1.560000E-04 | global batch size:   256 | lm loss: 7.603907E+00 | loss scale: 1.0 | grad norm: 2.782 | number of skipped iterations:   0 | number of nan iterations:   0 |
3: [default3]: [2026-05-09 15:23:39.872270] iteration       27/     100 | consumed samples:         6912 | elapsed time per iteration (ms): 3586.4 | throughput per GPU (TFLOP/s/GPU): 414.3 | tokens/sec/GPU: 18273 | learning rate: 1.620000E-04 | global batch size:   256 | lm loss: 7.486709E+00 | loss scale: 1.0 | grad norm: 3.632 | number of skipped iterations:   0 | number of nan iterations:   0 |
3: [default3]: [2026-05-09 15:23:43.455610] iteration       28/     100 | consumed samples:         7168 | elapsed time per iteration (ms): 3583.2 | throughput per GPU (TFLOP/s/GPU): 414.6 | tokens/sec/GPU: 18290 | learning rate: 1.680000E-04 | global batch size:   256 | lm loss: 7.494900E+00 | loss scale: 1.0 | grad norm: 3.466 | number of skipped iterations:   0 | number of nan iterations:   0 |
3: [default3]: [2026-05-09 15:23:47.032681] iteration       29/     100 | consumed samples:         7424 | elapsed time per iteration (ms): 3576.9 | throughput per GPU (TFLOP/s/GPU): 415.4 | tokens/sec/GPU: 18322 | learning rate: 1.740000E-04 | global batch size:   256 | lm loss: 7.547518E+00 | loss scale: 1.0 | grad norm: 3.700 | number of skipped iterations:   0 | number of nan iterations:   0 |
3: [default3]: [2026-05-09 15:23:50.614346] iteration       30/     100 | consumed samples:         7680 | elapsed time per iteration (ms): 3581.5 | throughput per GPU (TFLOP/s/GPU): 414.8 | tokens/sec/GPU: 18298 | learning rate: 1.800000E-04 | global batch size:   256 | lm loss: 7.528093E+00 | loss scale: 1.0 | grad norm: 2.783 | number of skipped iterations:   0 | number of nan iterations:   0 |
3: [default3]: [2026-05-09 15:23:54.195287] iteration       31/     100 | consumed samples:         7936 | elapsed time per iteration (ms): 3580.8 | throughput per GPU (TFLOP/s/GPU): 414.9 | tokens/sec/GPU: 18302 | learning rate: 1.860000E-04 | global batch size:   256 | lm loss: 7.428567E+00 | loss scale: 1.0 | grad norm: 2.373 | number of skipped iterations:   0 | number of nan iterations:   0 |
3: [default3]: [2026-05-09 15:23:57.779655] iteration       32/     100 | consumed samples:         8192 | elapsed time per iteration (ms): 3584.2 | throughput per GPU (TFLOP/s/GPU): 414.5 | tokens/sec/GPU: 18285 | learning rate: 1.920000E-04 | global batch size:   256 | lm loss: 7.358050E+00 | loss scale: 1.0 | grad norm: 1.985 | number of skipped iterations:   0 | number of nan iterations:   0 |
3: [default3]: [2026-05-09 15:24:01.362839] iteration       33/     100 | consumed samples:         8448 | elapsed time per iteration (ms): 3583.0 | throughput per GPU (TFLOP/s/GPU): 414.7 | tokens/sec/GPU: 18291 | learning rate: 1.980000E-04 | global batch size:   256 | lm loss: 7.423961E+00 | loss scale: 1.0 | grad norm: 2.679 | number of skipped iterations:   0 | number of nan iterations:   0 |
3: [default3]: [2026-05-09 15:24:04.944099] iteration       34/     100 | consumed samples:         8704 | elapsed time per iteration (ms): 3581.1 | throughput per GPU (TFLOP/s/GPU): 414.9 | tokens/sec/GPU: 18301 | learning rate: 2.040000E-04 | global batch size:   256 | lm loss: 7.422387E+00 | loss scale: 1.0 | grad norm: 2.536 | number of skipped iterations:   0 | number of nan iterations:   0 |
3: [default3]: [2026-05-09 15:24:08.527356] iteration       35/     100 | consumed samples:         8960 | elapsed time per iteration (ms): 3583.1 | throughput per GPU (TFLOP/s/GPU): 414.7 | tokens/sec/GPU: 18290 | learning rate: 2.100000E-04 | global batch size:   256 | lm loss: 7.389915E+00 | loss scale: 1.0 | grad norm: 1.442 | number of skipped iterations:   0 | number of nan iterations:   0 |
3: [default3]: [2026-05-09 15:24:12.110833] iteration       36/     100 | consumed samples:         9216 | elapsed time per iteration (ms): 3583.3 | throughput per GPU (TFLOP/s/GPU): 414.6 | tokens/sec/GPU: 18289 | learning rate: 2.160000E-04 | global batch size:   256 | lm loss: 7.306104E+00 | loss scale: 1.0 | grad norm: 1.579 | number of skipped iterations:   0 | number of nan iterations:   0 |
3: [default3]: [2026-05-09 15:24:15.694971] iteration       37/     100 | consumed samples:         9472 | elapsed time per iteration (ms): 3584.0 | throughput per GPU (TFLOP/s/GPU): 414.6 | tokens/sec/GPU: 18286 | learning rate: 2.220000E-04 | global batch size:   256 | lm loss: 7.357449E+00 | loss scale: 1.0 | grad norm: 1.488 | number of skipped iterations:   0 | number of nan iterations:   0 |
3: [default3]: [2026-05-09 15:24:19.280522] iteration       38/     100 | consumed samples:         9728 | elapsed time per iteration (ms): 3585.3 | throughput per GPU (TFLOP/s/GPU): 414.4 | tokens/sec/GPU: 18279 | learning rate: 2.280000E-04 | global batch size:   256 | lm loss: 7.313672E+00 | loss scale: 1.0 | grad norm: 1.746 | number of skipped iterations:   0 | number of nan iterations:   0 |
3: [default3]: [2026-05-09 15:24:22.866064] iteration       39/     100 | consumed samples:         9984 | elapsed time per iteration (ms): 3585.4 | throughput per GPU (TFLOP/s/GPU): 414.4 | tokens/sec/GPU: 18279 | learning rate: 2.340000E-04 | global batch size:   256 | lm loss: 7.336275E+00 | loss scale: 1.0 | grad norm: 1.423 | number of skipped iterations:   0 | number of nan iterations:   0 |
3: [default3]: [2026-05-09 15:24:26.453685] iteration       40/     100 | consumed samples:        10240 | elapsed time per iteration (ms): 3587.5 | throughput per GPU (TFLOP/s/GPU): 414.1 | tokens/sec/GPU: 18268 | learning rate: 2.400000E-04 | global batch size:   256 | lm loss: 7.329045E+00 | loss scale: 1.0 | grad norm: 1.647 | number of skipped iterations:   0 | number of nan iterations:   0 |
3: [default3]: [2026-05-09 15:24:30.042006] iteration       41/     100 | consumed samples:        10496 | elapsed time per iteration (ms): 3588.2 | throughput per GPU (TFLOP/s/GPU): 414.1 | tokens/sec/GPU: 18264 | learning rate: 2.460000E-04 | global batch size:   256 | lm loss: 7.149454E+00 | loss scale: 1.0 | grad norm: 1.420 | number of skipped iterations:   0 | number of nan iterations:   0 |
3: [default3]: [2026-05-09 15:24:33.628611] iteration       42/     100 | consumed samples:        10752 | elapsed time per iteration (ms): 3586.4 | throughput per GPU (TFLOP/s/GPU): 414.3 | tokens/sec/GPU: 18273 | learning rate: 2.520000E-04 | global batch size:   256 | lm loss: 7.170435E+00 | loss scale: 1.0 | grad norm: 1.993 | number of skipped iterations:   0 | number of nan iterations:   0 |
3: [default3]: [2026-05-09 15:24:37.220225] iteration       43/     100 | consumed samples:        11008 | elapsed time per iteration (ms): 3591.4 | throughput per GPU (TFLOP/s/GPU): 413.7 | tokens/sec/GPU: 18248 | learning rate: 2.580000E-04 | global batch size:   256 | lm loss: 7.182408E+00 | loss scale: 1.0 | grad norm: 1.914 | number of skipped iterations:   0 | number of nan iterations:   0 |
3: [default3]: [2026-05-09 15:24:40.812592] iteration       44/     100 | consumed samples:        11264 | elapsed time per iteration (ms): 3592.2 | throughput per GPU (TFLOP/s/GPU): 413.6 | tokens/sec/GPU: 18244 | learning rate: 2.640000E-04 | global batch size:   256 | lm loss: 7.020426E+00 | loss scale: 1.0 | grad norm: 1.466 | number of skipped iterations:   0 | number of nan iterations:   0 |
3: [default3]: [2026-05-09 15:24:44.404743] iteration       45/     100 | consumed samples:        11520 | elapsed time per iteration (ms): 3592.0 | throughput per GPU (TFLOP/s/GPU): 413.6 | tokens/sec/GPU: 18245 | learning rate: 2.700000E-04 | global batch size:   256 | lm loss: 7.045339E+00 | loss scale: 1.0 | grad norm: 2.106 | number of skipped iterations:   0 | number of nan iterations:   0 |
3: [default3]: [2026-05-09 15:24:47.995173] iteration       46/     100 | consumed samples:        11776 | elapsed time per iteration (ms): 3590.3 | throughput per GPU (TFLOP/s/GPU): 413.8 | tokens/sec/GPU: 18254 | learning rate: 2.760000E-04 | global batch size:   256 | lm loss: 7.078534E+00 | loss scale: 1.0 | grad norm: 2.837 | number of skipped iterations:   0 | number of nan iterations:   0 |
3: [default3]: [2026-05-09 15:24:51.588462] iteration       47/     100 | consumed samples:        12032 | elapsed time per iteration (ms): 3593.1 | throughput per GPU (TFLOP/s/GPU): 413.5 | tokens/sec/GPU: 18239 | learning rate: 2.820000E-04 | global batch size:   256 | lm loss: 7.007346E+00 | loss scale: 1.0 | grad norm: 2.226 | number of skipped iterations:   0 | number of nan iterations:   0 |
3: [default3]: [2026-05-09 15:24:55.180309] iteration       48/     100 | consumed samples:        12288 | elapsed time per iteration (ms): 3591.7 | throughput per GPU (TFLOP/s/GPU): 413.7 | tokens/sec/GPU: 18247 | learning rate: 2.880000E-04 | global batch size:   256 | lm loss: 7.092147E+00 | loss scale: 1.0 | grad norm: 4.746 | number of skipped iterations:   0 | number of nan iterations:   0 |
3: [default3]: [2026-05-09 15:24:58.773142] iteration       49/     100 | consumed samples:        12544 | elapsed time per iteration (ms): 3592.7 | throughput per GPU (TFLOP/s/GPU): 413.5 | tokens/sec/GPU: 18241 | learning rate: 2.940000E-04 | global batch size:   256 | lm loss: 6.909590E+00 | loss scale: 1.0 | grad norm: 2.225 | number of skipped iterations:   0 | number of nan iterations:   0 |
3: [default3]: [2026-05-09 15:25:02.361902] iteration       50/     100 | consumed samples:        12800 | elapsed time per iteration (ms): 3588.6 | throughput per GPU (TFLOP/s/GPU): 414.0 | tokens/sec/GPU: 18262 | learning rate: 3.000000E-04 | global batch size:   256 | lm loss: 6.870100E+00 | loss scale: 1.0 | grad norm: 1.975 | number of skipped iterations:   0 | number of nan iterations:   0 |
3: [default3]: [2026-05-09 15:25:05.957860] iteration       51/     100 | consumed samples:        13056 | elapsed time per iteration (ms): 3595.8 | throughput per GPU (TFLOP/s/GPU): 413.2 | tokens/sec/GPU: 18226 | learning rate: 2.997336E-04 | global batch size:   256 | lm loss: 6.821144E+00 | loss scale: 1.0 | grad norm: 3.725 | number of skipped iterations:   0 | number of nan iterations:   0 |
3: [default3]: [2026-05-09 15:25:09.552499] iteration       52/     100 | consumed samples:        13312 | elapsed time per iteration (ms): 3594.5 | throughput per GPU (TFLOP/s/GPU): 413.3 | tokens/sec/GPU: 18232 | learning rate: 2.989355E-04 | global batch size:   256 | lm loss: 6.901608E+00 | loss scale: 1.0 | grad norm: 3.826 | number of skipped iterations:   0 | number of nan iterations:   0 |
3: [default3]: [2026-05-09 15:25:13.148200] iteration       53/     100 | consumed samples:        13568 | elapsed time per iteration (ms): 3595.5 | throughput per GPU (TFLOP/s/GPU): 413.2 | tokens/sec/GPU: 18227 | learning rate: 2.976088E-04 | global batch size:   256 | lm loss: 6.798770E+00 | loss scale: 1.0 | grad norm: 2.137 | number of skipped iterations:   0 | number of nan iterations:   0 |
3: [default3]: [2026-05-09 15:25:16.746049] iteration       54/     100 | consumed samples:        13824 | elapsed time per iteration (ms): 3597.7 | throughput per GPU (TFLOP/s/GPU): 413.0 | tokens/sec/GPU: 18216 | learning rate: 2.957587E-04 | global batch size:   256 | lm loss: 6.849518E+00 | loss scale: 1.0 | grad norm: 4.796 | number of skipped iterations:   0 | number of nan iterations:   0 |
3: [default3]: [2026-05-09 15:25:20.340388] iteration       55/     100 | consumed samples:        14080 | elapsed time per iteration (ms): 3594.2 | throughput per GPU (TFLOP/s/GPU): 413.4 | tokens/sec/GPU: 18234 | learning rate: 2.933926E-04 | global batch size:   256 | lm loss: 6.861763E+00 | loss scale: 1.0 | grad norm: 3.570 | number of skipped iterations:   0 | number of nan iterations:   0 |
3: [default3]: [2026-05-09 15:25:23.938338] iteration       56/     100 | consumed samples:        14336 | elapsed time per iteration (ms): 3597.8 | throughput per GPU (TFLOP/s/GPU): 413.0 | tokens/sec/GPU: 18216 | learning rate: 2.905198E-04 | global batch size:   256 | lm loss: 6.808351E+00 | loss scale: 1.0 | grad norm: 2.256 | number of skipped iterations:   0 | number of nan iterations:   0 |
3: [default3]: [2026-05-09 15:25:27.535580] iteration       57/     100 | consumed samples:        14592 | elapsed time per iteration (ms): 3597.0 | throughput per GPU (TFLOP/s/GPU): 413.0 | tokens/sec/GPU: 18219 | learning rate: 2.871517E-04 | global batch size:   256 | lm loss: 6.701782E+00 | loss scale: 1.0 | grad norm: 1.913 | number of skipped iterations:   0 | number of nan iterations:   0 |
3: [default3]: [2026-05-09 15:25:31.130194] iteration       58/     100 | consumed samples:        14848 | elapsed time per iteration (ms): 3594.4 | throughput per GPU (TFLOP/s/GPU): 413.3 | tokens/sec/GPU: 18233 | learning rate: 2.833014E-04 | global batch size:   256 | lm loss: 6.635789E+00 | loss scale: 1.0 | grad norm: 3.733 | number of skipped iterations:   0 | number of nan iterations:   0 |
3: [default3]: [2026-05-09 15:25:34.727281] iteration       59/     100 | consumed samples:        15104 | elapsed time per iteration (ms): 3596.9 | throughput per GPU (TFLOP/s/GPU): 413.1 | tokens/sec/GPU: 18220 | learning rate: 2.789843E-04 | global batch size:   256 | lm loss: 6.626979E+00 | loss scale: 1.0 | grad norm: 3.307 | number of skipped iterations:   0 | number of nan iterations:   0 |
3: [default3]: [2026-05-09 15:25:38.322783] iteration       60/     100 | consumed samples:        15360 | elapsed time per iteration (ms): 3595.3 | throughput per GPU (TFLOP/s/GPU): 413.2 | tokens/sec/GPU: 18228 | learning rate: 2.742173E-04 | global batch size:   256 | lm loss: 6.612937E+00 | loss scale: 1.0 | grad norm: 1.910 | number of skipped iterations:   0 | number of nan iterations:   0 |
3: [default3]: [2026-05-09 15:25:41.916225] iteration       61/     100 | consumed samples:        15616 | elapsed time per iteration (ms): 3593.3 | throughput per GPU (TFLOP/s/GPU): 413.5 | tokens/sec/GPU: 18239 | learning rate: 2.690193E-04 | global batch size:   256 | lm loss: 6.530174E+00 | loss scale: 1.0 | grad norm: 1.372 | number of skipped iterations:   0 | number of nan iterations:   0 |
3: [default3]: [2026-05-09 15:25:45.516906] iteration       62/     100 | consumed samples:        15872 | elapsed time per iteration (ms): 3600.5 | throughput per GPU (TFLOP/s/GPU): 412.6 | tokens/sec/GPU: 18202 | learning rate: 2.634108E-04 | global batch size:   256 | lm loss: 6.415572E+00 | loss scale: 1.0 | grad norm: 2.408 | number of skipped iterations:   0 | number of nan iterations:   0 |
3: [default3]: [2026-05-09 15:25:49.114433] iteration       63/     100 | consumed samples:        16128 | elapsed time per iteration (ms): 3597.4 | throughput per GPU (TFLOP/s/GPU): 413.0 | tokens/sec/GPU: 18218 | learning rate: 2.574139E-04 | global batch size:   256 | lm loss: 6.483687E+00 | loss scale: 1.0 | grad norm: 2.016 | number of skipped iterations:   0 | number of nan iterations:   0 |
3: [default3]: [2026-05-09 15:25:52.704782] iteration       64/     100 | consumed samples:        16384 | elapsed time per iteration (ms): 3590.2 | throughput per GPU (TFLOP/s/GPU): 413.8 | tokens/sec/GPU: 18254 | learning rate: 2.510522E-04 | global batch size:   256 | lm loss: 6.455481E+00 | loss scale: 1.0 | grad norm: 2.055 | number of skipped iterations:   0 | number of nan iterations:   0 |
3: [default3]: [2026-05-09 15:25:56.303406] iteration       65/     100 | consumed samples:        16640 | elapsed time per iteration (ms): 3598.4 | throughput per GPU (TFLOP/s/GPU): 412.9 | tokens/sec/GPU: 18213 | learning rate: 2.443510E-04 | global batch size:   256 | lm loss: 6.428760E+00 | loss scale: 1.0 | grad norm: 1.800 | number of skipped iterations:   0 | number of nan iterations:   0 |
3: [default3]: [2026-05-09 15:25:59.900027] iteration       66/     100 | consumed samples:        16896 | elapsed time per iteration (ms): 3596.5 | throughput per GPU (TFLOP/s/GPU): 413.1 | tokens/sec/GPU: 18222 | learning rate: 2.373366E-04 | global batch size:   256 | lm loss: 6.337741E+00 | loss scale: 1.0 | grad norm: 1.317 | number of skipped iterations:   0 | number of nan iterations:   0 |
3: [default3]: [2026-05-09 15:26:03.498612] iteration       67/     100 | consumed samples:        17152 | elapsed time per iteration (ms): 3598.4 | throughput per GPU (TFLOP/s/GPU): 412.9 | tokens/sec/GPU: 18212 | learning rate: 2.300367E-04 | global batch size:   256 | lm loss: 6.379192E+00 | loss scale: 1.0 | grad norm: 1.758 | number of skipped iterations:   0 | number of nan iterations:   0 |
3: [default3]: [2026-05-09 15:26:07.095991] iteration       68/     100 | consumed samples:        17408 | elapsed time per iteration (ms): 3597.2 | throughput per GPU (TFLOP/s/GPU): 413.0 | tokens/sec/GPU: 18219 | learning rate: 2.224802E-04 | global batch size:   256 | lm loss: 6.289877E+00 | loss scale: 1.0 | grad norm: 1.186 | number of skipped iterations:   0 | number of nan iterations:   0 |
3: [default3]: [2026-05-09 15:26:10.689238] iteration       69/     100 | consumed samples:        17664 | elapsed time per iteration (ms): 3593.1 | throughput per GPU (TFLOP/s/GPU): 413.5 | tokens/sec/GPU: 18239 | learning rate: 2.146968E-04 | global batch size:   256 | lm loss: 6.222685E+00 | loss scale: 1.0 | grad norm: 1.331 | number of skipped iterations:   0 | number of nan iterations:   0 |
3: [default3]: [2026-05-09 15:26:14.286854] iteration       70/     100 | consumed samples:        17920 | elapsed time per iteration (ms): 3597.5 | throughput per GPU (TFLOP/s/GPU): 413.0 | tokens/sec/GPU: 18217 | learning rate: 2.067173E-04 | global batch size:   256 | lm loss: 6.324437E+00 | loss scale: 1.0 | grad norm: 1.683 | number of skipped iterations:   0 | number of nan iterations:   0 |
3: [default3]: [2026-05-09 15:26:17.885627] iteration       71/     100 | consumed samples:        18176 | elapsed time per iteration (ms): 3598.6 | throughput per GPU (TFLOP/s/GPU): 412.9 | tokens/sec/GPU: 18211 | learning rate: 1.985731E-04 | global batch size:   256 | lm loss: 6.164054E+00 | loss scale: 1.0 | grad norm: 1.134 | number of skipped iterations:   0 | number of nan iterations:   0 |
3: [default3]: [2026-05-09 15:26:21.485655] iteration       72/     100 | consumed samples:        18432 | elapsed time per iteration (ms): 3599.9 | throughput per GPU (TFLOP/s/GPU): 412.7 | tokens/sec/GPU: 18205 | learning rate: 1.902965E-04 | global batch size:   256 | lm loss: 6.163691E+00 | loss scale: 1.0 | grad norm: 1.621 | number of skipped iterations:   0 | number of nan iterations:   0 |
3: [default3]: [2026-05-09 15:26:25.082589] iteration       73/     100 | consumed samples:        18688 | elapsed time per iteration (ms): 3596.8 | throughput per GPU (TFLOP/s/GPU): 413.1 | tokens/sec/GPU: 18221 | learning rate: 1.819200E-04 | global batch size:   256 | lm loss: 6.241302E+00 | loss scale: 1.0 | grad norm: 0.957 | number of skipped iterations:   0 | number of nan iterations:   0 |
3: [default3]: [2026-05-09 15:26:28.679931] iteration       74/     100 | consumed samples:        18944 | elapsed time per iteration (ms): 3597.2 | throughput per GPU (TFLOP/s/GPU): 413.0 | tokens/sec/GPU: 18219 | learning rate: 1.734767E-04 | global batch size:   256 | lm loss: 6.167109E+00 | loss scale: 1.0 | grad norm: 1.111 | number of skipped iterations:   0 | number of nan iterations:   0 |
3: [default3]: [2026-05-09 15:26:32.281709] iteration       75/     100 | consumed samples:        19200 | elapsed time per iteration (ms): 3601.6 | throughput per GPU (TFLOP/s/GPU): 412.5 | tokens/sec/GPU: 18196 | learning rate: 1.650000E-04 | global batch size:   256 | lm loss: 6.111387E+00 | loss scale: 1.0 | grad norm: 1.287 | number of skipped iterations:   0 | number of nan iterations:   0 |
3: [default3]: [2026-05-09 15:26:35.881771] iteration       76/     100 | consumed samples:        19456 | elapsed time per iteration (ms): 3599.9 | throughput per GPU (TFLOP/s/GPU): 412.7 | tokens/sec/GPU: 18205 | learning rate: 1.565233E-04 | global batch size:   256 | lm loss: 6.131935E+00 | loss scale: 1.0 | grad norm: 1.435 | number of skipped iterations:   0 | number of nan iterations:   0 |
3: [default3]: [2026-05-09 15:26:39.485759] iteration       77/     100 | consumed samples:        19712 | elapsed time per iteration (ms): 3603.8 | throughput per GPU (TFLOP/s/GPU): 412.3 | tokens/sec/GPU: 18185 | learning rate: 1.480800E-04 | global batch size:   256 | lm loss: 6.069341E+00 | loss scale: 1.0 | grad norm: 1.383 | number of skipped iterations:   0 | number of nan iterations:   0 |
3: [default3]: [2026-05-09 15:26:43.085237] iteration       78/     100 | consumed samples:        19968 | elapsed time per iteration (ms): 3599.3 | throughput per GPU (TFLOP/s/GPU): 412.8 | tokens/sec/GPU: 18208 | learning rate: 1.397035E-04 | global batch size:   256 | lm loss: 6.051670E+00 | loss scale: 1.0 | grad norm: 1.044 | number of skipped iterations:   0 | number of nan iterations:   0 |
3: [default3]: [2026-05-09 15:26:46.683206] iteration       79/     100 | consumed samples:        20224 | elapsed time per iteration (ms): 3597.8 | throughput per GPU (TFLOP/s/GPU): 413.0 | tokens/sec/GPU: 18216 | learning rate: 1.314269E-04 | global batch size:   256 | lm loss: 6.010485E+00 | loss scale: 1.0 | grad norm: 1.837 | number of skipped iterations:   0 | number of nan iterations:   0 |
3: [default3]: [2026-05-09 15:26:50.285483] iteration       80/     100 | consumed samples:        20480 | elapsed time per iteration (ms): 3602.1 | throughput per GPU (TFLOP/s/GPU): 412.5 | tokens/sec/GPU: 18194 | learning rate: 1.232827E-04 | global batch size:   256 | lm loss: 6.112174E+00 | loss scale: 1.0 | grad norm: 1.297 | number of skipped iterations:   0 | number of nan iterations:   0 |
3: [default3]: [2026-05-09 15:26:53.887670] iteration       81/     100 | consumed samples:        20736 | elapsed time per iteration (ms): 3602.0 | throughput per GPU (TFLOP/s/GPU): 412.5 | tokens/sec/GPU: 18194 | learning rate: 1.153032E-04 | global batch size:   256 | lm loss: 5.993660E+00 | loss scale: 1.0 | grad norm: 1.164 | number of skipped iterations:   0 | number of nan iterations:   0 |
3: [default3]: [2026-05-09 15:26:57.487176] iteration       82/     100 | consumed samples:        20992 | elapsed time per iteration (ms): 3599.3 | throughput per GPU (TFLOP/s/GPU): 412.8 | tokens/sec/GPU: 18208 | learning rate: 1.075198E-04 | global batch size:   256 | lm loss: 5.933549E+00 | loss scale: 1.0 | grad norm: 1.128 | number of skipped iterations:   0 | number of nan iterations:   0 |
3: [default3]: [2026-05-09 15:27:01.090894] iteration       83/     100 | consumed samples:        21248 | elapsed time per iteration (ms): 3603.6 | throughput per GPU (TFLOP/s/GPU): 412.3 | tokens/sec/GPU: 18186 | learning rate: 9.996325E-05 | global batch size:   256 | lm loss: 5.955461E+00 | loss scale: 1.0 | grad norm: 0.993 | number of skipped iterations:   0 | number of nan iterations:   0 |
3: [default3]: [2026-05-09 15:27:04.696058] iteration       84/     100 | consumed samples:        21504 | elapsed time per iteration (ms): 3605.0 | throughput per GPU (TFLOP/s/GPU): 412.1 | tokens/sec/GPU: 18179 | learning rate: 9.266338E-05 | global batch size:   256 | lm loss: 5.970654E+00 | loss scale: 1.0 | grad norm: 0.994 | number of skipped iterations:   0 | number of nan iterations:   0 |
3: [default3]: [2026-05-09 15:27:08.295579] iteration       85/     100 | consumed samples:        21760 | elapsed time per iteration (ms): 3599.4 | throughput per GPU (TFLOP/s/GPU): 412.8 | tokens/sec/GPU: 18208 | learning rate: 8.564899E-05 | global batch size:   256 | lm loss: 5.903205E+00 | loss scale: 1.0 | grad norm: 0.740 | number of skipped iterations:   0 | number of nan iterations:   0 |
3: [default3]: [2026-05-09 15:27:11.899854] iteration       86/     100 | consumed samples:        22016 | elapsed time per iteration (ms): 3604.1 | throughput per GPU (TFLOP/s/GPU): 412.2 | tokens/sec/GPU: 18184 | learning rate: 7.894776E-05 | global batch size:   256 | lm loss: 5.868451E+00 | loss scale: 1.0 | grad norm: 0.930 | number of skipped iterations:   0 | number of nan iterations:   0 |
3: [default3]: [2026-05-09 15:27:15.504384] iteration       87/     100 | consumed samples:        22272 | elapsed time per iteration (ms): 3604.4 | throughput per GPU (TFLOP/s/GPU): 412.2 | tokens/sec/GPU: 18182 | learning rate: 7.258614E-05 | global batch size:   256 | lm loss: 5.831728E+00 | loss scale: 1.0 | grad norm: 0.594 | number of skipped iterations:   0 | number of nan iterations:   0 |
3: [default3]: [2026-05-09 15:27:19.105824] iteration       88/     100 | consumed samples:        22528 | elapsed time per iteration (ms): 3601.3 | throughput per GPU (TFLOP/s/GPU): 412.6 | tokens/sec/GPU: 18198 | learning rate: 6.658924E-05 | global batch size:   256 | lm loss: 5.921008E+00 | loss scale: 1.0 | grad norm: 0.665 | number of skipped iterations:   0 | number of nan iterations:   0 |
3: [default3]: [2026-05-09 15:27:22.711627] iteration       89/     100 | consumed samples:        22784 | elapsed time per iteration (ms): 3605.6 | throughput per GPU (TFLOP/s/GPU): 412.1 | tokens/sec/GPU: 18176 | learning rate: 6.098071E-05 | global batch size:   256 | lm loss: 5.905323E+00 | loss scale: 1.0 | grad norm: 0.653 | number of skipped iterations:   0 | number of nan iterations:   0 |
3: [default3]: [2026-05-09 15:27:26.320574] iteration       90/     100 | consumed samples:        23040 | elapsed time per iteration (ms): 3608.8 | throughput per GPU (TFLOP/s/GPU): 411.7 | tokens/sec/GPU: 18160 | learning rate: 5.578270E-05 | global batch size:   256 | lm loss: 5.865419E+00 | loss scale: 1.0 | grad norm: 0.584 | number of skipped iterations:   0 | number of nan iterations:   0 |
3: [default3]: [2026-05-09 15:27:29.928866] iteration       91/     100 | consumed samples:        23296 | elapsed time per iteration (ms): 3608.1 | throughput per GPU (TFLOP/s/GPU): 411.8 | tokens/sec/GPU: 18163 | learning rate: 5.101573E-05 | global batch size:   256 | lm loss: 5.820764E+00 | loss scale: 1.0 | grad norm: 0.553 | number of skipped iterations:   0 | number of nan iterations:   0 |
3: [default3]: [2026-05-09 15:27:33.532264] iteration       92/     100 | consumed samples:        23552 | elapsed time per iteration (ms): 3603.2 | throughput per GPU (TFLOP/s/GPU): 412.3 | tokens/sec/GPU: 18188 | learning rate: 4.669860E-05 | global batch size:   256 | lm loss: 5.778791E+00 | loss scale: 1.0 | grad norm: 0.473 | number of skipped iterations:   0 | number of nan iterations:   0 |
3: [default3]: [2026-05-09 15:27:37.132979] iteration       93/     100 | consumed samples:        23808 | elapsed time per iteration (ms): 3600.6 | throughput per GPU (TFLOP/s/GPU): 412.6 | tokens/sec/GPU: 18202 | learning rate: 4.284835E-05 | global batch size:   256 | lm loss: 5.820417E+00 | loss scale: 1.0 | grad norm: 0.553 | number of skipped iterations:   0 | number of nan iterations:   0 |
3: [default3]: [2026-05-09 15:27:40.735243] iteration       94/     100 | consumed samples:        24064 | elapsed time per iteration (ms): 3602.1 | throughput per GPU (TFLOP/s/GPU): 412.5 | tokens/sec/GPU: 18194 | learning rate: 3.948018E-05 | global batch size:   256 | lm loss: 5.871169E+00 | loss scale: 1.0 | grad norm: 0.633 | number of skipped iterations:   0 | number of nan iterations:   0 |
3: [default3]: [2026-05-09 15:27:44.332264] iteration       95/     100 | consumed samples:        24320 | elapsed time per iteration (ms): 3596.9 | throughput per GPU (TFLOP/s/GPU): 413.1 | tokens/sec/GPU: 18220 | learning rate: 3.660737E-05 | global batch size:   256 | lm loss: 5.772422E+00 | loss scale: 1.0 | grad norm: 0.437 | number of skipped iterations:   0 | number of nan iterations:   0 |
3: [default3]: [2026-05-09 15:27:47.932108] iteration       96/     100 | consumed samples:        24576 | elapsed time per iteration (ms): 3599.7 | throughput per GPU (TFLOP/s/GPU): 412.7 | tokens/sec/GPU: 18206 | learning rate: 3.424127E-05 | global batch size:   256 | lm loss: 5.745338E+00 | loss scale: 1.0 | grad norm: 0.412 | number of skipped iterations:   0 | number of nan iterations:   0 |
3: [default3]: [2026-05-09 15:27:51.529413] iteration       97/     100 | consumed samples:        24832 | elapsed time per iteration (ms): 3597.2 | throughput per GPU (TFLOP/s/GPU): 413.0 | tokens/sec/GPU: 18219 | learning rate: 3.239122E-05 | global batch size:   256 | lm loss: 5.791739E+00 | loss scale: 1.0 | grad norm: 0.580 | number of skipped iterations:   0 | number of nan iterations:   0 |
3: [default3]: [2026-05-09 15:27:55.136478] iteration       98/     100 | consumed samples:        25088 | elapsed time per iteration (ms): 3606.9 | throughput per GPU (TFLOP/s/GPU): 411.9 | tokens/sec/GPU: 18170 | learning rate: 3.106452E-05 | global batch size:   256 | lm loss: 5.708547E+00 | loss scale: 1.0 | grad norm: 0.447 | number of skipped iterations:   0 | number of nan iterations:   0 |
3: [default3]: [2026-05-09 15:27:58.750359] iteration       99/     100 | consumed samples:        25344 | elapsed time per iteration (ms): 3613.7 | throughput per GPU (TFLOP/s/GPU): 411.1 | tokens/sec/GPU: 18135 | learning rate: 3.026639E-05 | global batch size:   256 | lm loss: 5.802939E+00 | loss scale: 1.0 | grad norm: 0.444 | number of skipped iterations:   0 | number of nan iterations:   0 |
3: [default3]: [2026-05-09 15:28:02.350577] iteration      100/     100 | consumed samples:        25600 | elapsed time per iteration (ms): 3600.1 | throughput per GPU (TFLOP/s/GPU): 412.7 | tokens/sec/GPU: 18204 | learning rate: 3.000000E-05 | global batch size:   256 | lm loss: 5.791096E+00 | loss scale: 1.0 | grad norm: 0.415 | number of skipped iterations:   0 | number of nan iterations:   0 |
0: [default0]:[after training is done] datetime: 2026-05-09 15:28:02.350963 
0: [default0]:WARNING:megatron.core.rerun_state_machine:Setting RerunStateMachine mode RerunMode.DISABLED
0: [default0]:Evaluating on 1280 samples
0: [default0]:Evaluating iter 1/5
0: [default0]:Evaluating iter 2/5
0: [default0]:Evaluating iter 3/5
0: [default0]:Evaluating iter 4/5
0: [default0]:Evaluating iter 5/5
3: [default3]:INFO:megatron.core.timers:(min, max) time across ranks (ms):
3: [default3]:    evaluate .......................................: (6626.03, 6626.05)
3: [default3]:-----------------------------------------------------------------------------------------------------------------
3: [default3]: validation loss at iteration 100 on validation set | lm loss value: 6.064649E+00 | lm loss PPL: 4.303714E+02 | 
3: [default3]:-----------------------------------------------------------------------------------------------------------------
0: [default0]:WARNING:megatron.core.rerun_state_machine:Setting RerunStateMachine mode RerunMode.VALIDATE_RESULTS
END TIME: Sat May  9 15:28:14 CEST 2026
