START TIME: Sat May  9 16:45:46 CEST 2026
TRAINING_CMD: python -m torch.distributed.run     --nproc-per-node 4     --nnodes 4     --rdzv_endpoint nid006451:45743     --rdzv_backend c10d     --max_restarts 0     --tee 3     --node-rank $SLURM_NODEID     /users/jmaillef/gipfelsturm/Megatron-LM/pretrain_gpt.py     --transformer-impl transformer_engine     --num-layers 24 --hidden-size 1536 --ffn-hidden-size 4096 --num-attention-heads 16 --group-query-attention --num-query-groups 4 --max-position-embeddings 4096 --position-embedding-type rope --normalization RMSNorm --swiglu --untie-embeddings-and-output-weights --seq-length 4096     --micro-batch-size 4 --global-batch-size 256 --train-iters 100 --log-interval 1 --eval-interval 100000 --eval-iters 5 --cross-entropy-loss-fusion --optimizer adam --dataloader-type single --no-check-for-nan-in-loss-and-grad --manual-gc     --attention-dropout 0.0 --hidden-dropout 0.0 --weight-decay 0.1 --clip-grad 1.0 --adam-beta1 0.9 --adam-beta2 0.95     --lr 3e-4 --min-lr 3e-5 --lr-decay-style cosine --lr-warmup-iters 50     --seed 42 --init-method-std 0.02     --bf16 --fp8-format hybrid --fp8-recipe blockwise     --tensor-model-parallel-size 1 --pipeline-model-parallel-size 1 --use-distributed-optimizer --overlap-grad-reduce --overlap-param-gather --data-parallel-sharding-strategy no_shard     --log-throughput --log-progress     --tokenizer-type GPT2BPETokenizer --vocab-file /users/jmaillef/gipfelsturm/data/gpt2-vocab.json --merge-file /users/jmaillef/gipfelsturm/data/gpt2-merges.txt     --data-path /iopsstor/scratch/cscs/jmaillef/dataset/climbmix_small/climbmix_small --data-cache-path /iopsstor/scratch/cscs/jmaillef/gipfelsturm/cache --split 99,1,0 --num-workers 2
0: [default0]:using world size: 16, data-parallel size: 16, context-parallel size: 1, hierarchical context-parallel sizes: None, tensor-model-parallel size: 1, pipeline-model-parallel size: 1
0: [default0]:Number of virtual stages per pipeline stage: None
0: [default0]:accumulate and all-reduce gradients in fp32 for bfloat16 data type.
0: [default0]:using torch.bfloat16 for parameters ...
0: [default0]:------------------------ arguments ------------------------
0: [default0]:  account_for_embedding_in_pipeline_split ......... False
0: [default0]:  account_for_loss_in_pipeline_split .............. False
0: [default0]:  accumulate_allreduce_grads_in_fp32 .............. True
0: [default0]:  activation_func_clamp_value ..................... None
0: [default0]:  activation_offload_fraction ..................... 1.0
0: [default0]:  adam_beta1 ...................................... 0.9
0: [default0]:  adam_beta2 ...................................... 0.95
0: [default0]:  adam_eps ........................................ 1e-08
0: [default0]:  add_bias_linear
0:  ................................. True
0: [default0]:  add_position_embedding .......................... True
0: [default0]:  add_qkv_bias .................................... True
0: [default0]:  adlr_autoresume ................................. False
0: [default0]:  adlr_autoresume_interval ........................ 1000
0: [default0]:  align_grad_reduce ............................... True
0: [default0]:  align_param_gather .............................. False
0: [default0]:  allow_ambiguous_pad_tokens ...................... False
0: [default0]:  app_tag_run_name ................................ None
0: [default0]:  app_tag_run_version ............................. 0.0.0
0: [default0]:  apply_query_key_layer_scaling ................... False
0: [default0]:  apply_residual_connection_post_layernorm ........ False
0: [default0]:  apply_rope_fusion ............................... True
0: [default0]:  apply_wd_to_qk_layernorm ........................ False
0: [default0]:  async_ckpt_cpu_priority ......................... 10
0: [default0]:  async_ckpt_io_
0: priority .......................... 3
0: [default0]:  async_save ...................................... False
0: [default0]:  async_strategy .................................. nvrx
0: [default0]:  attention_backend ............................... AttnBackend.auto
0: [default0]:  attention_dropout ............................... 0.0
0: [default0]:  attention_output_gate ........................... False
0: [default0]:  attention_softmax_in_fp32 ....................... False
0: [default0]:  auto_detect_ckpt_format ......................... False
0: [default0]:  barrier_with_L1_time ............................ True
0: [default0]:  batch_invariant_mode ............................ False
0: [default0]:  bert_binary_head ................................ True
0: [default0]:  bert_embedder_type .............................. megatron
0: [default0]:  bert_load ....................................... None
0: [default0]:  bf16 ............................................ True
0: [default0]:  bias_dropout_fusion ............................. True
0: [default0]:  bias_gelu_fusion ................................ True
0: [default0]:  bias_swiglu_fusion .............................. True
0: [default0]:  biencoder_projection_dim ........................ 0
0: [default0]:  biencoder_shared_query_context_model ............ False
0: [default0]:  block_data_path ................................. None
0: [default0]:  cache_mla_latents ............................... False
0: [default0]:  calc_ft_timeouts ................................ False
0: [default0]:  calculate_per_token_loss ........................ False
0: [default0]:  check_for_large_grads ........................... False
0: [default0]:  check_for_nan_in_loss_and_grad .................. Fal
0: se
0: [default0]:  check_for_spiky_loss ............................ False
0: [default0]:  check_weight_hash_across_dp_replicas_interval ... None
0: [default0]:  ckpt_assume_constant_structure .................. False
0: [default0]:  ckpt_convert_format ............................. None
0: [default0]:  ckpt_convert_save ............................... None
0: [default0]:  ckpt_convert_update_legacy_dist_opt_format ...... False
0: [default0]:  ckpt_format ..................................... torch_dist
0: [default0]:  ckpt_fully_parallel_load ........................ False
0: [default0]:  ckpt_fully_parallel_load_exchange_algo .......... broadcast
0: [default0]:  ckpt_fully_parallel_load_process_group .......... dp
0: [default0]:  ckpt_fully_parallel_save ........................ True
0: [default0]:  ckpt_fully_parallel_save_deprecated ............. False
0: [default0]:  ckpt_fully_parallel_save_process_group .......... dp
0: [default0]:  ckpt_step ....................................... None
0: [default0]:  classes_fraction ...........................
0: ..... 1.0
0: [default0]:  clip_grad ....................................... 1.0
0: [default0]:  clone_scatter_output_in_embedding ............... True
0: [default0]:  config_logger_dir ............................... 
0: [default0]:  consumed_train_samples .......................... 0
0: [default0]:  consumed_valid_samples .......................... 0
0: [default0]:  context_parallel_size ........................... 1
0: [default0]:  cp_comm_type .................................... ['p2p']
0: [default0]:  cpu_offloading_num_layers ....................... 0
0: [default0]:  cpu_offloading_retain_pinned_cpu_buffers ........ False
0: [default0]:  create_all_gather_group ......................... False
0: [default0]:  create_attention_mask_in_dataloader ............. True
0: [default0]:  cross_entropy_fusion_impl ....................... native
0: [default0]:  cross_entropy_loss_fusion ....................... True
0: [default0]:  cuda_graph_impl ................................. none
0: [default0]:  cuda_graph_scope ................................ []
0: [default0]:  cud
0: a_graph_warmup_steps ......................... 3
0: [default0]:  data_args_path .................................. None
0: [default0]:  data_cache_path ................................. /iopsstor/scratch/cscs/jmaillef/gipfelsturm/cache
0: [default0]:  data_parallel_random_init ....................... False
0: [default0]:  data_parallel_sharding_strategy ................. no_shard
0: [default0]:  data_parallel_size .............................. 16
0: [default0]:  data_path ....................................... ['/iopsstor/scratch/cscs/jmaillef/dataset/climbmix_small/climbmix_small']
0: [default0]:  data_per_class_fraction ......................... 1.0
0: [default0]:  data_sharding ................................... True
0: [default0]:  dataloader_defer_npy_index_mmap ................. False
0: [default0]:  dataloader_fast_cache_load ...................... False
0: [default0]:  dataloader_type ................................. single
0: [default0]:  ddp_average_in_collective ....................... False
0: [default0]:  ddp_bucket_size .........
0: ........................ None
0: [default0]:  ddp_num_buckets ................................. None
0: [default0]:  ddp_pad_buckets_for_high_nccl_busbw ............. False
0: [default0]:  ddp_param_name_patterns_for_fp32_local_accumulation  []
0: [default0]:  ddp_reduce_scatter_with_fp32_accumulation ....... False
0: [default0]:  decode_only_cuda_graphs ......................... False
0: [default0]:  decoder_first_pipeline_num_layers ............... None
0: [default0]:  decoder_last_pipeline_num_layers ................ None
0: [default0]:  decoder_num_layers .............................. None
0: [default0]:  decoder_seq_length .............................. None
0: [default0]:  decoupled_lr .................................... None
0: [default0]:  decoupled_min_lr ................................ None
0: [default0]:  decrease_batch_size_if_needed ................... False
0: [default0]:  defer_embedding_wgrad_compute ................... False
0: [default0]:  delay_offload_until_cuda_graph .................. False
0: [default0]:  delay_wgrad_compute ............................. False
0: [default0]:  delta_offload_bytes_across_pp_ranks ............. 0
0: [default0]:  dense_grouped_gemm .............................. False
0: [default0]:  deprecated_use_mcore_models ..................... False
0: [default0]:  deterministic_mode .............................. False
0: [default0]:  dino_bottleneck_size ............................ 256
0: [default0]:  dino_freeze_last_layer .......................... 1
0: [default0]:  dino_head_hidden_size ........................... 2048
0: [default0]:  dino_local_crops_number ......................... 10
0: [default0]:  dino_local_img_size ............................. 96
0: [default
0: 0]:  dino_norm_last_layer ............................ False
0: [default0]:  dino_teacher_temp ............................... 0.07
0: [default0]:  dino_warmup_teacher_temp ........................ 0.04
0: [default0]:  dino_warmup_teacher_temp_epochs ................. 30
0: [default0]:  disable_bf16_reduced_precision_matmul ........... False
0: [default0]:  disable_jit_fuser ............................... False
0: [default0]:  disable_straggler_on_startup .................... False
0: [default0]:  disable_symmetric_registration .................. False
0: [default0]:  dist_ckpt_format_deprecated ..................... None
0: [default0]:  dist_ckpt_optim_fully_reshardable ............... False
0: [default0]:  dist_ckpt_save_pre_mcore_014 .................... False
0: [default0]:  dist_ckpt_strictness ............................ assume_ok_unexpected
0: [default0]:  dist_ckpt_workers ............................... 1
0: [default0]:  distrib_optim_fully_reshardable_mem_efficient ... False
0: [default0]:  distribute_saved_activations .................... False
0: [default0]:  distributed_backend ............................. nccl
0: [default0]:  distributed_timeout_minutes ..................... 10
0: [default0]:  distributed_timeout_seconds_after_init .......... None
0: [default0]:  dsa_indexer_head_dim ............................ None
0: [default0]:  dsa_indexer_loss_coeff .......................... None
0: [default0]:  dsa_indexer_n_heads ............................. None
0: [default0]:  dsa_indexer_topk ................................ None
0: [default0]:  dsa_indexer_use_sparse_loss ..................... False
0: [default0]:  dump_param_to_param_group_map ................... None
0: [default0]:  dynamic_context_parallel ........................ False
0: [default0]:  embedding_init_method_std ....................... None
0: [default0]:  embedding_path .................................. None
0: [default0]:  empty_unused_memory_level ....................... 0
0: [default0]:  enable_chunked_prefill .......................... False
0: [default0]:  enable_cuda_graph ............................... False
0: [default0]:  enable_experimental ............................. False
0: [default0]:  enable_ft_package ............................... False
0: [
0: default0]:  enable_full_sharding_in_hsdp .................... False
0: [default0]:  enable_gpt_oss .................................. False
0: [default0]:  enable_hyper_connections ........................ False
0: [default0]:  enable_msc ...................................... True
0: [default0]:  enable_one_logger ............................... True
0: [default0]:  encoder_num_layers .............................. 24
0: [default0]:  encoder_seq_length .............................. 4096
0: [default0]:  end_weight_decay ................................ 0.1
0: [default0]:  eod_mask_loss ................................... False
0: [default0]:  ep_overlap_early_attn_memory_release ............ False
0: [default0]:  error_injection_rate ............................ 0
0: [default0]:  error_injection_type ............................ transient_error
0: [default0]:  eval_global_batch_size .......................... 256
0: [default0]:  eval_interval ................................... 100000
0: [default0]:  eval_iters ...................................... 5
0: [default0]:  eval_micro_batch_size ........................... 4
0: [default0]:  evidence_data_path .............................. None
0: [default0]:  exit_duration_in_mins ........................... None
0: [default0]:  exit_interval ................................... None
0: [default0]:  exit_on_missing_checkpoint ...................... False
0: [default0]:  exit_signal ..................................... 15
0: [default0]:  exit_signal_handler ............................. False
0: [default0]:  exit_signal_handler_for_dataloader .............. False
0: [default0]:  exit_signal_handler_for_training ................ False
0: [default0]:  exp_avg_dtype ................................... torch.float32
0: [default0]:  exp_avg_sq_dtype .........................
0: ....... torch.float32
0: [default0]:  experimental_attention_variant .................. None
0: [default0]:  expert_model_parallel_size ...................... 1
0: [default0]:  expert_tensor_parallel_size ..................... 1
0: [default0]:  export_default_te_spec .......................... False
0: [default0]:  export_force_local_attention .................... False
0: [default0]:  export_kd_cfg ................................... None
0: [default0]:  export_kd_teacher_ckpt_format ................... None
0: [default0]:  export_kd_teacher_load .......................... None
0: [default0]:  export_kd_teacher_model_config .................. None
0: [default0]:  export_kv_cache_quant ........................... none
0: [default0]:  export_legacy_megatron .......................... False
0: [default0]:  export_model_type ............................... GPTModel
0: [default0]:  export_moe_apply_probs_on_input ................. False
0: [default0]:  export_offline_model ............................ False
0: [default0]:  export_qk_l2_norm ............................... False
0: [default0]:  export_quant_cfg ................................ None
0: [default0]:  export_real_quant_cfg ........................... None
0: [default0]:  export_te_mcore_model ........................... False
0: [default0]:  external_cuda_graph ............................. False
0: [default0]:  fake_process_group .............................. False
0: [default0]:  fallback_to_eager_attn .......................... False
0: [default0]:  ffn_hidden_size ................................. 4096
0: [default0]:  fim_data ........................................ False
0: [default0]:  fim_eod_token ................................... <|endoftext|>
0: [default0]:  fim_fragment_rate ............................... None
0: [default0]:  fim_middle_token ................................ <fim_middle>
0: [default0]:  fim_no_prefix ................................... None
0: [default0]:  fim_pad_token ................................... <fim_pad>
0: [default0]:  fim_prefix_token ................................ <fim_prefix>
0: [default0]:  fim_rate ........................................ 0.5
0: [default0]:  fim_split_sample ................................ None
0: [default0]:  fim_spm_rate .................................... 0.5
0: [default0]:  fim_suffix_token ................................ <fim_suffix>
0: [default0]:  fine_grained_activation_offloading .............. False
0: [default0]:  finetune ........................................ False
0: [default0]:  finetune_data_split ............................. train
0: [default0]:  finetune_hf_dataset ............................. None
0: [default0]:  first_last_layers_bf
0: 16 .......................... False
0: [default0]:  flash_decode .................................... False
0: [default0]:  flight_recorder_dump_on_timeout ................. True
0: [default0]:  flight_recorder_dump_path ....................... None
0: [default0]:  flight_recorder_extra_dump_on_exec .............. True
0: [default0]:  flight_recorder_include_only_active ............. True
0: [default0]:  flight_recorder_include_stack_trace ............. False
0: [default0]:  flight_recorder_trace_buffer_size ............... 2000
0: [default0]:  fp16 ............................................ False
0: [default0]:  fp16_lm_cross_entropy ........................... False
0: [default0]:  fp32_residual_connection ........................ False
0: [default0]:  fp4 ............................................. None
0: [default0]:  fp4_param_gather ................................ False
0: [default0]:  fp4_quantizer_factory ........................... None
0: [default0]:  fp4_recipe ...................................... nvfp4
0: [default0]:  fp8 ............................................. hybrid
0: [default0]:  fp8_amax_compute_algo ........................... most_recent
0: [default0]:  fp8_amax_history_len ............................ 1
0: [default0]:  fp8_interval .................................... 1
0: [default0]:  fp8_margin ...................................... 0
0: [default0]:  fp8_output_proj ................................. False
0: [default0]:  fp8_param_gather ................................ False
0: [default0]:  fp8_quantizer_factory ........................... None
0: [default0]:  fp8_recipe ...................................... blockwise
0: [default0]:  fp8_wgrad ....................................... True
0: [default0]:  fsdp_double_buffer .............................. False
0: [default0]:  fsdp_manual_registration ........................ False
0: [default0]:  ft_num_warmup_iters ............................. 5
0: [default0]:  full_validation ................................. False
0: [default0]:  fused_residual_rmsnorm .......................... False
0: [default0]:  global_batch_size ............................... 256
0: [default0]:  glu_linear_offset ............................... 0.0
0: [default0]:  grad_reduce_in_bf16 ............................. False
0: [default0]:  gradient_accumulation_fusion .................... True
0: [default0]:  gradient_reduce_div_fusion ...................... True
0: [default0]:  group_query_attention ........................... True
0: [default0]:  grpo_clamp_eps_lower ............................ 0.01
0: [default0]:  grpo_clamp_eps_upper ............................ 0.01
0: [default0]:  grpo_entropy_term_weight ........................ 0.0
0: [default0]:  grpo_filter_groups_with_same_reward ............. False
0: [default0]:  grpo_group_size ................................. 2
0: [default0]:  grpo_iterations ................................. 2
0: [default0]:  grpo_kl_beta .................................... 0.001
0: [default0]:  grpo_prompts_per_step ........................... 32
0: [default0]:  head_lr_mult .................................... 1.0
0: [default0]:  heterogeneous_layers_config_encoded_json ........ None
0: [default0]:  heterogeneous_layers_config_path ................ None
0: [default0]:  hidden_dropout .................................. 0.0
0: [default0]:  hidden_size ..................................... 1536
0: [default0]:  hierarchical_context_parallel_sizes ............. None
0: [default0]:  high_priority_a2a_comm_stream ................... False
0: [default0]:  high_priority_stream_groups ..................... []
0: [default0]:  hybrid_context_parallel ......................... False
0: [default0]:  hybrid_layer_pattern ............................ None
0: [default0]:  hybrid_override_pattern ......................... None
0: [default0]:  hysteresis ...................................... 2
0: [default0]:  ict_head_size ................................... None
0: [default0]:  ict_load ........................................ None
0: [default0]:  img_h ........................................... 224
0: [default0]:  img_w ........................................... 224
0: [default0]:  indexer_batch_size .............................. 128
0: [default0]:  indexer_log_interval ............................ 1000
0: [default0]:  inference_batch_times_seqlen_threshold .......... -1
0: [default0]:  inference_coordinator_port ...................... None
0: [default0]:  inference_disable_triton_nvls_kernels ........... False
0: [default0]:  inference_dynamic_batching ...................... False
0: [default0]:  inference_dynamic_batching_block_size ........... 256
0: [default0]:  inference_dynamic_batching_buffer_size_gb ....... 40.0
0: [default0]:  inference_dynamic_batching_cuda_graph_max_tokens  16384
0: [default0]:  inference_dynamic_batching_cuda_graph_mixed_prefill_count  16
0: [default0]:  inference_dynamic_batching_enable_prefix_caching  False
0: [default0]:  inference_dynamic_batching_mamba_memory_ratio ... None
0: [default0]:  inference_dynamic_batching_max_requests ......... None
0: [default0]:  inference_dynamic_batching_max_tokens ........... None
0: [default0]:  inference_dynamic_batching_num_cuda_graphs ...... 16
0: [default0]:  inference_dynamic_batching_paused_buffer_size_gb  None
0: [default0]:  inference_dynamic_batching_prefix_caching_coordinator_policy  first_prefix_block
0: [default0]:  inference_dynamic_batching_prefix_caching_eviction_policy  ref_zero
0: [default0]:  inference_dynamic_batching_prefix_caching_mamba_gb  None
0: [default0]:  inference_dynamic_batching_prefix_caching_routing_alpha  0.5
0: [default0]:  inference_dynamic_batching_track_generated_token_events  False
0: [default0]:  inference_dynamic_batching_track_paused_request_events  False
0: [default0]:  inference_dynamic_batching_unified_memory_level . 0
0: [default0]:  inference_fuse_tp_communication ................. False
0: [default0]:  inference_grouped_gemm_backend .................. auto
0: [default0]:  inference_logging_step_interval ................. 0
0: [default0]:  inference_max_requests .......................... 8
0: [default0]:  inference_max_seq_length ........................ 2560
0: [default0]:  inference_moe_disable_fused_quant_kernels ....... False
0: [default0]:  inference_rng_tracker ........................... False
0: [default0]:  inference_text_gen_server_logging ............... False
0: [default0]:  inference_use_synchronous_zmq_collectives ....... False
0: [default0]:  inference_wandb_logging ................
0: ......... False
0: [default0]:  init_method_std ................................. 0.02
0: [default0]:  init_method_xavier_uniform ...................... False
0: [default0]:  init_model_with_meta_device ..................... False
0: [default0]:  initial_loss_scale .............................. 4294967296
0: [default0]:  inprocess_active_world_size ..................... 16
0: [default0]:  inprocess_barrier_timeout ....................... 120
0: [default0]:  inprocess_completion_timeout .................... 120
0: [default0]:  inprocess_empty_cuda_cache ...................... False
0: [default0]:  inprocess_granularity ........................... node
0: [default0]:  inprocess_hard_timeout .......................... 90
0: [default0]:  inprocess_heartbeat_interval .................... 30
0: [default0]:  inprocess_heartbeat_timeout ..................... 60
0: [default0]:  inprocess_last_call_wait ........................ 1
0: [default0]:  inprocess_max_iterations ........................ None
0: [default0]:  inprocess_monitor_process_interval .............. 1.0
0: [default0]:  inprocess_monitor_thread_interval ............... 1.0
0: [default0]:  inprocess_progress_watchdog_interval ............ 1.0
0: [default0]:  inprocess_restart ............................... False
0: [default0]:  inprocess_soft_timeout .......................... 60
0: [default0]:  inprocess_termination_grace_time ................ 1
0: [default0]:  is_hybrid_model ................................. False
0: [default0]:  iter_per_epoch .................................. 1250
0: [default0]:  iterations_to_skip .............................. []
0: [default0]:  keep_fp8_transpose_cache ........................ False
0: [default0]:  kitchen_attention_backend ....................... sdpa
0: [default0]:  kv_channels ..................................... 96
0: [default0]:  kv_lora_rank .................................... 32
0: [default0]:  langrl_env_config ............................... None
0: [default0]:  layernorm_epsilon ............................... 1e-05
0: [default0]:  layernorm_zero_centered_gamma ................... False
0: [default0]:  lazy_mpu_init ................................... False
0: [default0]:  linear_attention_freq ........................... None
0: [default0]:  linear_attention_type ........................... None
0: [default0]:  linear_conv_kernel_dim .......................... 4
0: [default0]:  linear_key_head_dim ............................. 128
0: [default0]:  linear_num_key_heads ............................ 16
0: [default0]:  linear_num_value_heads .......................... 32
0: [default0]:  l
0: inear_value_head_dim ........................... 128
0: [default0]:  lion_beta1 ...................................... 0.95
0: [default0]:  lion_beta2 ...................................... 0.98
0: [default0]:  load ............................................ None
0: [default0]:  load_main_params_from_ckpt ...................... False
0: [default0]:  local_rank ...................................... 0
0: [default0]:  log_device_memory_used .......................... False
0: [default0]:  log_energy ...................................... False
0: [default0]:  log_interval .................................... 1
0: [default0]:  log_loss_scale_to_tensorboard ................... True
0: [default0]:  log_max_attention_logit ......................... False
0: [default0]:  log_memory_interval ............................. None
0: [default0]:  log_memory_to_tensorboard ....................... False
0: [default0]:  log_moe_overload_factor ......................... False
0: [default0]:  log_num_zeros_in_grad ........................... False
0: [default0]:  log_params_norm ................................. False
0: [default0]:  log_progress .................................... True
0: [default0]:  log_straggler ................................... False
0: [
0: default0]:  log_throughput .................................. True
0: [default0]:  log_timers_to_tensorboard ....................... False
0: [default0]:  log_validation_ppl_to_tensorboard ............... False
0: [default0]:  log_world_size_to_tensorboard ................... False
0: [default0]:  logging_level ................................... None
0: [default0]:  loss_scale ...................................... None
0: [default0]:  loss_scale_window ............................... 1000
0: [default0]:  lr .............................................. 0.0003
0: [default0]:  lr_decay_iters .................................. None
0: [default0]:  lr_decay_samples ................................ None
0: [default0]:  lr_decay_style .................................. cosine
0: [default0]:  lr_warmup_fraction .............................. None
0: [default0]:  lr_warmup_init .................................. 0.0
0: [default0]:  lr_warmup_iters ................................. 50
0: [default0]:  lr_warmup_samples ............................... 0
0: [default0]:  lr_wsd_decay_iters .............................. None
0: [default0]:  lr_wsd_decay_samples ............................ None
0: [default0]:  lr_wsd_decay_style .............................. exponential
0: [default0]:  main_grads_dtype ................................ torch.float32
0: [default0]:  main_params_dtype ............................... torch.float32
0: [default0]:  make_vocab_size_divisible_by .................... 128
0: [default0]:  mamba_head_dim .................................. 64
0: [default0]:  mamba_inference_conv_states_dtype .......
0: ........ torch.bfloat16
0: [default0]:  mamba_inference_ssm_states_dtype ................ torch.bfloat16
0: [default0]:  mamba_num_groups ................................ 8
0: [default0]:  mamba_num_heads ................................. None
0: [default0]:  mamba_state_dim ................................. 128
0: [default0]:  manual_gc ....................................... True
0: [default0]:  manual_gc_eval .................................. True
0: [default0]:  manual_gc_interval .............................. 0
0: [default0]:  mask_factor ..................................... 1.0
0: [default0]:  mask_prob ....................................... 0.15
0: [default0]:  mask_type ....................................... random
0: [default0]:  masked_softmax_fusion ........................... True
0: [default0]:  max_position_embeddings ......................... 4096
0: [default0]:  max_seqlen_per_dp_cp_rank ....................... None
0: [default0]:  max_tokens_to_oom ............................... 12000
0: [default0]:  megatron_fsdp_grad_comm_dtype ................... None
0: [default0]:  megatron_fsdp_main_grads_dtype .................. None
0: [default0]:  megatron_fsdp_main_params_dtype ................. torch.float32
0: [default0]:  memory_snapshot_path ............................ snapshot.pickle
0: [default0]:  merge_file ...................................... /users/jmaillef/gipfelsturm/data/gpt2-merges.txt
0: [default0]:  mhc_init_gating_factor .......................... 0.01
0: [default0]:  mhc_recompute_layer_num ......................... None
0: [default0]:  mhc_sinkhorn_iterations ......................... 20
0: [default0]:  micro_batch_size ................................ 4
0: [default0]:  microbatch_group_size_per_vp_stage .............. None
0: [default0]:  mid_level_dataset_surplus ....................... 0.005
0: [default0]:  min_dynamic_context_parallel_size ............... 1
0: [default0]:  min_loss_scale .................................. 1.0
0: [default0]:  min_lr .......................................... 3e-05
0: [default0]:  min_offloaded_tensor_size ....................... 1048576
0: [default0]:  mla_down_proj_fusion ............................ False
0: [default0]:  mlp_chunks_for_prefill .......................... 1
0: [default0]:  mmap_bin_files .................................. True
0: [default0]:  mock_data ....................................... False
0: [default0]:  modelopt_enabled ................................ False
0: [default0]:  moe_apply_probs_on_input ........................ False
0: [default0]:  moe_aux_loss_coeff .............................. 0.0
0: [default0]:  moe_deepep_num_sms .............................. 20
0: [default0]:  moe_enable_deepep ............................... False
0: [default0]:  moe_enable_routing_replay ....................... False
0: [default0]:  moe_expert_capacity_factor ...................... None
0: [default0]:  moe_expert_rank_capacity_factor ................. None
0: [default0]:  moe_ffn_hidden_size ............................. None
0: [default0]:  moe_flex_dispatcher_backend ..................... deepep
0: [default0]:  moe_grouped_gemm ................................ False
0: [default0]:  moe_hybridep_num_blocks_permute ................. None
0: [default0]:  moe_hybridep_num_blocks_unpermute ............... None
0: [default0]:  moe_hybridep_num_sms ............................ None
0: [default0]:  moe_hybridep_num_sms_preprocessing .............. 108
0: [default0]:  moe_input_jitter_eps ............................ None
0: [default0]:  moe_latent_size ................................. None
0: [default0]:  moe_layer_freq .................................. 1
0: [default0]:  moe_layer_recompute ............................. False
0: [default0]:  moe_mlp_glu_interleave_size ..................... None
0: [default0]:  moe_pad_expert_input_to_capacity ................ False
0: [default0]:  moe_pad_experts_for_cuda_graph_inference ........ False
0: [default0]:  moe_paged_stash ................................. False
0: [default0]:  moe_paged_stash_buffer_size_factor_cpu .......... 0.0
0: [default0]:  moe_paged_stash_buffer_size_factor_cuda ......... 1.1
0: [defa
0: ult0]:  moe_paged_stash_page_size ....................... 64
0: [default0]:  moe_per_layer_logging ........................... False
0: [default0]:  moe_permute_fusion .............................. False
0: [default0]:  moe_permute_fusion_into_hybridep ................ False
0: [default0]:  moe_router_bias_update_rate ..................... 0.001
0: [default0]:  moe_router_dtype ................................ None
0: [default0]:  moe_router_enable_expert_bias ................... False
0: [default0]:  moe_router_force_biased ......................... None
0: [default0]:  moe_router_force_load_balancing ................. False
0: [default0]:  moe_router_fusion ............................... False
0: [default0]:  moe_router_group_topk ........................... None
0: [default0]:  moe_router_load_balancing_type .................. aux_loss
0: [default0]:  moe_router_num_groups ........................... None
0: [default0]:  moe_router_padding_for_fp8 ...................... False
0: [default0]:  moe_router_padding_for_quantization ............. False
0: [default0]:  moe_router_pre_softmax .......................... False
0: [default0]:  moe_router_score_function ....................... softmax
0: [default0]:  moe_router_topk ................................. 2
0: [default0]:  moe_router_topk_scaling_factor .................. None
0: [default0]:  moe_shared_expert_gate .......................... False
0: [default0]:  moe_shared_expert_intermediate_size ............. None
0: [default0]:  moe_shared_expert_overlap ....................... False
0: [default0]:  moe_single_grouped_bias ......................... False
0: [default0]:  moe_single_grouped_weight ....................... False
0: [default0]:  moe_token_dispatcher_type ....................... allgather
0: [default0]:  moe_token_drop_policy ........................... probs
0: [default0]:  moe_upcycling_granularity ....................... 1
0: [default0]:  moe_use_upcycling ............................... False
0: [default0]:  moe_z_loss_coeff ................................ None
0: [default0]:  mrope_section ................................... None
0: [default0]:  mscale .......................................... 1.0
0: [default0]:  mscale_all_dim .................................. 0.0
0: [default0]:  mtp_hybrid_override_pattern ..................... None
0: [default0]:  mtp_loss_scaling_factor ......................... 0.1
0: [default0]:  mtp_num_layers .................................. None
0: [default0]:  mtp_standalone .................................. False
0: [default0]:  mtp_use_repeated_layer .......................... False
0: [default0]:  multi_latent_attention .......................... False
0: [default0]:  multiple_validation_sets ........................ False
0: [default0]:  muon_coefficient_type ........................... quintic
0: [
0: default0]:  muon_extra_scale_factor ......................... 1.0
0: [default0]:  muon_fp32_matmul_prec ........................... medium
0: [default0]:  muon_momentum ................................... 0.9
0: [default0]:  muon_nesterov ................................... False
0: [default0]:  muon_num_ns_steps ............................... 5
0: [default0]:  muon_scalar_optimizer ........................... adam
0: [default0]:  muon_scale_mode ................................. spectral
0: [default0]:  muon_split_qkv .................................. True
0: [default0]:  muon_tp_mode .................................... blockwise
0: [default0]:  mup_attn_scale_power ............................ 1.0
0: [default0]:  mup_base_head_dim ............................... None
0: [default0]:  mup_base_hidden_size ............................ None
0: [default0]:  mup_embedding_mult .............................. 1.0
0: [default0]:  mup_output_mult ................................. 1.0
0: [default0]:  mup_width_mult .................................. 1.0
0: [default0]:  nccl_all_reduce_for_prefill ..................... False
0: [default0]:  nccl_communicator_config_path ................... None
0: [default0]:  nccl_ub ......................................... False
0: [default0]:  no_load_optim ................................... None
0: [default0]:  no_load_rng ..................................... None
0: [default0]:  no_persist_layer_norm ........................... False
0: [default0]:  no_rope_freq .................................... None
0: [default0]:  no_save_optim ................................... None
0: [default0]:  no_save_rng ..................................... None
0: [default0]:  no_weight_decay_cond_type ....................... None
0: [default0]:  non_persistent_ckpt_type ........................ None
0: [default0]:  non_persistent_global_ckpt_dir .................. None
0: [default0]:  non_persistent_local_ckpt_algo .................. fully_parallel
0: [default0]:  non_persistent_local_ckpt_dir ................... None
0: [default0]:  non_persistent_save_interval .................... None
0: [default0]:  normalization ................................... RMSNorm
0: [default0]:  num_attention_heads ............................. 16
0: [default0]:  num_channels .................................... 3
0: [default0]:  num_classes ..................................... 1000
0: [default0]:  num_dataset_builder_threads ..................... 1
0: [default0]:  num_distributed_optimizer_instances ............. 1
0: [default0]:  num_experts ..................................... None
0: [default0]:  num_layers ...................................... 24
0: [default0]:  num_layers_at_end_in_bf16 ....................... 1
0: [default0]:  num_layers_at_start_in_bf16 ..................... 1
0: [default0]:  num_layers_per_virtual_pipeline_stage ........... None
0: [default0]:  num_query_groups ................................ 4
0: [default0]:  num_residual_streams ............................ 4
0: [default0]:  num_speculative_tokens .......................... 0
0: [default0]:  num_virtual_stages_per_pipeline_rank ............ None
0: [default0]:  num_workers ..................................... 2
0: [default0]:  nvtx_ranges ..................................... False
0: [default0]:  object_storage_cache_path ....................... None
0: [default0]:  offload_modules ................................. []
0: [default0]:  offload_optimizer_states ........................ False
0: [default0]:  one_logger_async ................................ False
0: [default0]:  one_logger_project .............................. megatron-lm
0: [default0]:  one_logger_run_name ............................. None
0: [default0]:  onnx_safe ....................................... None
0: [default0]:  openai_gelu ..................................... False
0: [default0]:  optimizer ....................................... adam
0: [default0]:  optimizer_cpu_offload ........................... False
0: [default0]:  optimizer_cuda_graph ............................ False
0: [default0]:  optimizer_offload_fraction ...................... 1.0
0: [default0]:  outer_dp_sharding_strategy ...................... no_shard
0: [default0]:  output_bert_embeddings .......................... False
0: [default0]:  overlap_cpu_optimizer_d2h_h2d ................... False
0: [default0]:  overlap_dispatch_backward_with_experts_wgrad .... False
0: [default0]:  overlap_grad_reduce ............................. True
0: [default0]:  overlap_moe_expert_parallel_comm ................ False
0: [default0]:  overlap_p2p_comm ................................ False
0: [default0]:  overlap_p2p_comm_warmup_flush ................... False
0: [default0]:  overlap_param_gather ............................ True
0: [default0]:  overlap_param_gather_with_optimizer_step ........ False
0: [default0]:  override_opt_param_scheduler .................... False
0: [default0]:  padded_vocab_size ............................... None
0: [default0]:  params_dtype ..................................
0: .. torch.bfloat16
0: [default0]:  patch_dim ....................................... 16
0: [default0]:  per_dataset_sequences_path ...................... None
0: [default0]:  per_split_data_args_path ........................ None
0: [default0]:  perform_initialization .......................... True
0: [default0]:  perform_rl_step ................................. False
0: [default0]:  phase_transition_iterations ..................... None
0: [default0]:  pin_cpu_grads ................................... True
0: [default0]:  pin_cpu_params .................................. True
0: [default0]:  pipeline_model_parallel_comm_backend ............ None
0: [default0]:  pipeline_model_parallel_layout .................. None
0: [default0]:  pipeline_model_parallel_size .................... 1
0: [default0]:  position_embedding_type ......................... rope
0: [default0]:  pretrained_checkpoint ........................... None
0: [default0]:  profile ......................................... False
0: [default0]:  profile_ranks ................................... []
0: [default0]:  profile_step_end ................................ 12
0: [default0]:  profile_step_start .............................. 10
0: [default0]:  pytorch_profiler_collect_callstack .............. False
0: [default0]:  pytorch_profiler_collect_chakra ................. False
0: [default0]:  pytorch_profiler_collect_shapes ................. False
0: [default0]:  q_lora_rank ..................................... None
0: [default0]:  qk_clip ......................................... False
0: [default0]:  qk_clip_alpha ................................... 0.5
0: [default0]:  qk_clip_threshold ............................... 100
0: [default0]:  qk_head_dim ..................................... 128
0: [default0]:  qk_l2_norm ...................................... False
0: [default0]:  qk_layernorm .................................... False
0: [default0]:  qk_pos_emb_head_dim ............................. 64
0: [default0]:  query_in_block_prob ............................. 0.1
0: [default0]:  quick_geglu ..................................... False
0: [default0]:  rampup_batch_size ............................... None
0: [default0]:  rank ............................................ 0
0: [default0]:  recompute_granularity ........................... None
0: [default0]:  recompute_method ................................ None
0: [default0]:  recompute_modules ............................... None
0: [default0]:  recompute_num_layers ............................ None
0: [default0]:  record_memory_history ........................... False
0: [default0]:  record_shapes ................................... False
0: [default0]:  refit_method .................................... gloo
0: [default0]:  relative_attention_max_distance ................. 128
0: [default0]:  relative_attention_num_buckets .................. 32
0: [default0]:  replication ..................................... False
0: [default0]:  replication_factor .............................. 2
0: [default0]:  replication_jump ................................ None
0: [default0]:  rerun_mode ...................................... validate_results
0: [default0]:  reset_attention_mask ............................ False
0: [default0]:  reset_position_ids .............................. False
0: [default0]:  result_rejected_tracker_filename ................ None
0: [default0]:  retriever_report_topk_accuracies ................ []
0: [default0]:  retriever_score_scaling ......................... False
0: [default0]:  reuse_grad_buf_for_mxfp8_param_ag ............... False
0: [default0]:  rl_default_temperature .......................... 1.0
0: [default0]:  rl_default_top_k ................................ -1
0: [default0]:  rl_default_top_p ................................ 0
0: [default0]:  rl_generation_batch_size ........................ None
0: [default0]:  rl_importance_sampling_truncation_coef .......... None
0: [default0]:  rl_inference_expert_model_parallel_size ......... None
0: [default0]:  rl_inference_expert_tensor_model_parallel_size .. None
0: [default0]:  rl_inference_logprobs_is_correction ............. False
0: [default0]:  rl_inference_model_unified_memory_level ......... 0
0: [default0]:  rl_inference_parsers ............................ []
0: [default0]:  rl_inference_pipeline_model_parallel_size ....... None
0: [default0]:  rl_inference_tensor_model_parallel_size ......... None
0: [default0]:  rl_kv_cache_management_mode ..................... persist
0: [default0]:  rl_num_parallel_generation_batches .............. None
0: [default0]:  rl_num_parallel_generations ..................... None
0: [default0]:  rl_offload_inference_model_weights_when_idle .... False
0: [default0]:  rl_offload_optimizer_during_inference ........... False
0: [default0]:  rl_parallel_generation_tasks .................... None
0: [default0]:  rl_partial_rollouts ............................. False
0: [default0]:  rl_persist_cuda_graphs .......................... False
0: [default0]:  rl_prompts_per_eval ............................. 32
0: [default0]:  rl_sequence_packing_algo ........................ fifo
0: [default0]:  rl_sequence_packing_max_sequences_per_bin ....... 50
0: [default0]:  rl_skip_bos_token ............................... False
0: [default0]:  rl_training_cuda_graphs ......................... False
0: [default0]:  rl_use_sequence_packing ......................... False
0: [default0]:  rl_verify_model_weights_swap .................... False
0: [default0]:  rope_scaling_factor ............................. 8.0
0: [default0]:  rope_type ....................................... None
0: [default0]:  rotary_base ..................................... 10000
0: [default0]:  rotary_interleaved .............................. False
0: [default0]:  rotary_percent .................................. 1.0
0: [default0]:  rotary_scaling_factor ........................... 1.0
0: [default0]:  rotary_seq_len_interpolation_factor ............. None
0: [default0]:  run_workload_inspector_server ................... False
0: [default0]:  sample_rate ..................................... 1.0
0: [default0]:  save ............................................ None
0: [default0]:  save_dgrads_interval ............................ None
0: [default0]:  save_interval ................................... None
0: [default0]:  save_retain_interval ............................ None
0: [default0]:  save_wgrads_interval ............................ None
0: [default0]:  seed ............................................ 42
0: [default0]:  seq_length ...................................... 4096
0: [default0]:  sequence_packing_scheduler ...................... None
0: [default0]:  sequence_parallel ............................... False
0: [defau
0: lt0]:  sft ............................................. False
0: [default0]:  sft_mock_dataset_config_json .................... None
0: [default0]:  sft_tokenizer_prompt_format ..................... nemotron-h-aligned
0: [default0]:  sgd_momentum .................................... 0.9
0: [default0]:  sharp_enabled_group ............................. None
0: [default0]:  short_seq_prob .................................. 0.1
0: [default0]:  skip_train ...................................... False
0: [default0]:  skipped_train_samples ........................... 0
0: [default0]:  softmax_type .................................... vanilla
0: [default0]:  spec ............................................ None
0: [default0]:  split ........................................... 99,1,0
0: [default0]:  squared_relu .................................... False
0: [default0]:  start_eval_at_iter .............................. None
0: [default0]:  start_weight_decay .............................. 0.1
0: [default0]:  straggler_ctrlr_port ............................ 65535
0: [default0]:  straggler_minmax_count .......................... 1
0: [default0]:  strict_fsdp_dtensor_load ........................ True
0: [default0]:  suggested_communication_unit_size ............... None
0: [default0]:  swiglu .......................................... True
0: [default0]:  swin_backbone_type .............................. tiny
0: [default0]:  symmetric_ar_type ............................... None
0: [default0]:  te_precision_config_file ........................ None
0: [default0]:  te_rng_tracker .................................. False
0: [default0]:  tensor_model_parallel_size ...................... 1
0: [default0]:  tensorboard_dir ................................. None
0: [default0]:  tensorboard_log_interval ........................ 1
0: [default0]:  tensorboard_queue_size .......................... 1000
0: [default0]:  test_data_path .................................. None
0: [default0]:  test_mode ....................................... False
0: [default0]:  tiktoken_num_special_tokens ..................... 1000
0: [default0]:  tiktoken_pattern ................................ None
0: [default0]:  tiktoken_special_tokens ......................... None
0: [default0]:  timing_log_level ................................ 0
0: [default0]:  timing_log_option ............................... minmax
0: [default0]:  titles_data_path ................................ None
0: [default0]:  tokenizer_hf_include_special_tokens ............. True
0: [default0]:  tokenizer_hf_no_include_special_tokens .......... False
0: [default0]:  tokenizer_hf_no_use_fast ........................ False
0: [default0]:  tokenizer_hf_use_fast ........................... True
0: [default0]:  tokenizer_metadata .............................. None
0: [default0]:  tokenizer_model ................................. None
0: [default0]:  tokenizer_sentencepiece_legacy .................. False
0: [default0]:  tokenizer_special_tokens ........................ None
0: [default0]:  tokenizer_type .................................. GPT2BPETokenizer
0: [default0]:  torch_fsdp2_reshard_after_forward ............... True
0: [default0]:  tp_comm_bootstrap_backend ....................... nccl
0: [default0]:  tp_comm_bulk_dgrad .............................. True
0: [default0]:  tp_comm_bulk_wgrad .............................. True
0: [default0]:  tp_comm_overlap ................................. False
0: [default0]:  tp_comm_overlap_ag .............................. True
0: [default0]:  tp_comm_overlap_cfg ............................. None
0: [default0]:  tp_comm_overlap_rs .............................. True
0: [default0]:  tp_comm_overlap_rs_dgrad ........................ False
0: [default0]:  tp_comm_split_ag ...........................
0: ..... True
0: [default0]:  tp_comm_split_rs ................................ True
0: [default0]:  train_data_path ................................. None
0: [default0]:  train_iters ..................................... 100
0: [default0]:  train_samples ................................... None
0: [default0]:  train_sync_interval ............................. None
0: [default0]:  transformer_impl ................................ transformer_engine
0: [default0]:  transformer_pipeline_model_parallel_size ........ 1
0: [default0]:  trust_remote_code ............................... False
0: [default0]:  untie_embeddings_and_output_weights ............. True
0: [default0]:  use_checkpoint_args ............................. False
0: [default0]:  use_checkpoint_opt_param_scheduler .............. False
0: [default0]:  use_cpu_initialization .......................... None
0: [default0]:  use_dist_ckpt ................................... True
0: [default0]:  use_dist_ckpt_deprecated ........................ False
0: [default0]:  use_distributed_optimizer ....................... True
0: [default0]:  use_flash_attn .................................. False
0: [default0]:  use_fused_mhc ................................... False
0: [default0]:  use_fused_weighted_squared_relu ................. False
0: [default0]:  use_gloo_process_groups ......................... True
0: [default0]:  use_kitchen_attention ........................... False
0: [default0]:  use_layer_wise_distributed_optimizer ............ False
0: [default0]:  use_legacy_models ............................... False
0: [default0]:  use_legacy_static_engine ........................ False
0: [default0]:  use_mamba_mem_eff_path .......................... True
0: [default0]:  use_megatron_fsdp ............................... False
0: [default0]:  use_mp_args_from_checkpoint_args ................ False
0: [default0]:  use_mup ......................................... False
0: [default0]:  use_one_sent_docs ............................... False
0: [default0]:  use_persistent_ckpt_worker ...................... False
0: [default0]:  use_precision_aware_optimizer ................... False
0: [default0]:  use_pytorch_profiler ............................ False
0: [default0]:  use_ring_exchange_p2p ........................... False
0: [default0]:  use_rope_scaling ................................ False
0: [default0]:  use_rotary_position_embeddings .................. False
0: [default0]:  use_sharp ....................................... False
0: [default0]:  use_te_activation_func .......................... False
0: [default0]:  use_tokenizer_model_from_checkpoint_args .....
0: ... True
0: [default0]:  use_torch_fsdp2 ................................. False
0: [default0]:  use_torch_optimizer_for_cpu_offload ............. False
0: [default0]:  use_tp_pp_dp_mapping ............................ False
0: [default0]:  use_transformer_engine_op_fuser ................. False
0: [default0]:  v_head_dim ...................................... 128
0: [default0]:  valid_data_path ................................. None
0: [default0]:  virtual_pipeline_model_parallel_size ............ None
0: [default0]:  vision_backbone_type ............................ vit
0: [default0]:  vision_pretraining .............................. False
0: [default0]:  vision_pretraining_type ......................... classify
0: [default0]:  vocab_extra_ids ................................. 0
0: [default0]:  vocab_file ...................................... /users/jmaillef/gipfelsturm/data/gpt2-vocab.json
0: [default0]:  vocab_size ...................................... None
0: [default0]:  wandb_entity .................................... None
0: [default0]:  wandb_exp_name .................................. None
0: [default0]:  wandb_project ................................... None
0: [default0]:  wandb_save_dir .................................. None
0: [default0]:  weight_decay .................................... 0.1
0: [default0]:  weight_decay_incr_style ......................... constant
0: [default0]:  wgrad_deferral_limit ............................ 0
0: [default0]:  window_attn_skip_freq ........................... None
0: [default0]:  window_size ..................................... None
0: [default0]:  world_size ..
0: .................................... 16
0: [default0]:  yaml_cfg ........................................ None
0: [default0]:-------------------- end of arguments ---------------------
0: [default0]:INFO:megatron.core.num_microbatches_calculator:setting number of microbatches to constant 4
1: [default3]:INFO:httpx:HTTP Request: HEAD https://huggingface.co/gpt2/resolve/main/config.json "HTTP/1.1 200 OK"
1: [default1]:INFO:httpx:HTTP Request: HEAD https://huggingface.co/gpt2/resolve/main/config.json "HTTP/1.1 200 OK"
1: [default0]:INFO:httpx:HTTP Request: HEAD https://huggingface.co/gpt2/resolve/main/config.json "HTTP/1.1 200 OK"
1: [default2]:INFO:httpx:HTTP Request: HEAD https://huggingface.co/gpt2/resolve/main/config.json "HTTP/1.1 200 OK"
2: [default2]:INFO:httpx:HTTP Request: HEAD https://huggingface.co/gpt2/resolve/main/config.json "HTTP/1.1 200 OK"
2: [default1]:INFO:httpx:HTTP Request: HEAD https://huggingface.co/gpt2/resolve/main/config.json "HTTP/1.1 200 OK"
2: [default0]:INFO:httpx:HTTP Request: HEAD https://huggingface.co/gpt2/resolve/main/config.json "HTTP/1.1 200 OK"
2: [default3]:INFO:httpx:HTTP Request: HEAD https://huggingface.co/gpt2/resolve/main/config.json "HTTP/1.1 200 OK"
0: [default2]:INFO:httpx:HTTP Request: HEAD https://huggingface.co/gpt2/resolve/main/config.json "HTTP/1.1 200 OK"
0: [default3]:INFO:httpx:HTTP Request: HEAD https://huggingface.co/gpt2/resolve/main/config.json "HTTP/1.1 200 OK"
0: [default1]:INFO:httpx:HTTP Request: HEAD https://huggingface.co/gpt2/resolve/main/config.json "HTTP/1.1 200 OK"
0: [default0]:INFO:httpx:HTTP Request: HEAD https://huggingface.co/gpt2/resolve/main/config.json "HTTP/1.1 200 OK"
3: [default1]:INFO:httpx:HTTP Request: HEAD https://huggingface.co/gpt2/resolve/main/config.json "HTTP/1.1 200 OK"
3: [default0]:INFO:httpx:HTTP Request: HEAD https://huggingface.co/gpt2/resolve/main/config.json "HTTP/1.1 200 OK"
3: [default2]:INFO:httpx:HTTP Request: HEAD https://huggingface.co/gpt2/resolve/main/config.json "HTTP/1.1 200 OK"
2: [default1]:INFO:httpx:HTTP Request: HEAD https://huggingface.co/gpt2/resolve/main/tokenizer_config.json "HTTP/1.1 200 OK"
2: [default3]:INFO:httpx:HTTP Request: HEAD https://huggingface.co/gpt2/resolve/main/tokenizer_config.json "HTTP/1.1 200 OK"
0: [default2]:INFO:httpx:HTTP Request: HEAD https://huggingface.co/gpt2/resolve/main/tokenizer_config.json "HTTP/1.1 200 OK"
0: [default3]:INFO:httpx:HTTP Request: HEAD https://huggingface.co/gpt2/resolve/main/tokenizer_config.json "HTTP/1.1 200 OK"
0: [default1]:INFO:httpx:HTTP Request: HEAD https://huggingface.co/gpt2/resolve/main/tokenizer_config.json "HTTP/1.1 200 OK"
0: [default0]:INFO:httpx:HTTP Request: HEAD https://huggingface.co/gpt2/resolve/main/tokenizer_config.json "HTTP/1.1 200 OK"
3: [default3]:INFO:httpx:HTTP Request: HEAD https://huggingface.co/gpt2/resolve/main/config.json "HTTP/1.1 200 OK"
3: [default1]:INFO:httpx:HTTP Request: HEAD https://huggingface.co/gpt2/resolve/main/tokenizer_config.json "HTTP/1.1 200 OK"
3: [default0]:INFO:httpx:HTTP Request: HEAD https://huggingface.co/gpt2/resolve/main/tokenizer_config.json "HTTP/1.1 200 OK"
3: [default2]:INFO:httpx:HTTP Request: HEAD https://huggingface.co/gpt2/resolve/main/tokenizer_config.json "HTTP/1.1 200 OK"
1: [default3]:INFO:httpx:HTTP Request: HEAD https://huggingface.co/gpt2/resolve/main/tokenizer_config.json "HTTP/1.1 200 OK"
1: [default1]:INFO:httpx:HTTP Request: HEAD https://huggingface.co/gpt2/resolve/main/tokenizer_config.json "HTTP/1.1 200 OK"
1: [default0]:INFO:httpx:HTTP Request: HEAD https://huggingface.co/gpt2/resolve/main/tokenizer_config.json "HTTP/1.1 200 OK"
1: [default2]:INFO:httpx:HTTP Request: HEAD https://huggingface.co/gpt2/resolve/main/tokenizer_config.json "HTTP/1.1 200 OK"
2: [default2]:INFO:httpx:HTTP Request: HEAD https://huggingface.co/gpt2/resolve/main/tokenizer_config.json "HTTP/1.1 200 OK"
2: [default0]:INFO:httpx:HTTP Request: HEAD https://huggingface.co/gpt2/resolve/main/tokenizer_config.json "HTTP/1.1 200 OK"
3: [default3]:INFO:httpx:HTTP Request: HEAD https://huggingface.co/gpt2/resolve/main/tokenizer_config.json "HTTP/1.1 200 OK"
1: [default3]:INFO:httpx:HTTP Request: GET https://huggingface.co/api/models/gpt2/tree/main/additional_chat_templates?recursive=false&expand=false "HTTP/1.1 307 Temporary Redirect"
1: [default1]:INFO:httpx:HTTP Request: GET https://huggingface.co/api/models/gpt2/tree/main/additional_chat_templates?recursive=false&expand=false "HTTP/1.1 307 Temporary Redirect"
1: [default0]:INFO:httpx:HTTP Request: GET https://huggingface.co/api/models/gpt2/tree/main/additional_chat_templates?recursive=false&expand=false "HTTP/1.1 307 Temporary Redirect"
1: [default2]:INFO:httpx:HTTP Request: GET https://huggingface.co/api/models/gpt2/tree/main/additional_chat_templates?recursive=false&expand=false "HTTP/1.1 307 Temporary Redirect"
2: [default2]:INFO:httpx:HTTP Request: GET https://huggingface.co/api/models/gpt2/tree/main/additional_chat_templates?recursive=false&expand=false "HTTP/1.1 307 Temporary Redirect"
2: [default1]:INFO:httpx:HTTP Request: GET https://huggingface.co/api/models/gpt2/tree/main/additional_chat_templates?recursive=false&expand=false "HTTP/1.1 307 Temporary Redirect"
2: [default0]:INFO:httpx:HTTP Request: GET https://huggingface.co/api/models/gpt2/tree/main/additional_chat_templates?recursive=false&expand=false "HTTP/1.1 307 Temporary Redirect"
2: [default3]:INFO:httpx:HTTP Request: GET https://huggingface.co/api/models/gpt2/tree/main/additional_chat_templates?recursive=false&expand=false "HTTP/1.1 307 Temporary Redirect"
0: [default2]:INFO:httpx:HTTP Request: GET https://huggingface.co/api/models/gpt2/tree/main/additional_chat_templates?recursive=false&expand=false "HTTP/1.1 307 Temporary Redirect"
0: [default3]:INFO:httpx:HTTP Request: GET https://huggingface.co/api/models/gpt2/tree/main/additional_chat_templates?recursive=false&expand=false "HTTP/1.1 307 Temporary Redirect"
0: [default1]:INFO:httpx:HTTP Request: GET https://huggingface.co/api/models/gpt2/tree/main/additional_chat_templates?recursive=false&expand=false "HTTP/1.1 307 Temporary Redirect"
0: [default0]:INFO:httpx:HTTP Request: GET https://huggingface.co/api/models/gpt2/tree/main/additional_chat_templates?recursive=false&expand=false "HTTP/1.1 307 Temporary Redirect"
3: [default3]:INFO:httpx:HTTP Request: GET https://huggingface.co/api/models/gpt2/tree/main/additional_chat_templates?recursive=false&expand=false "HTTP/1.1 307 Temporary Redirect"
3: [default1]:INFO:httpx:HTTP Request: GET https://huggingface.co/api/models/gpt2/tree/main/additional_chat_templates?recursive=false&expand=false "HTTP/1.1 307 Temporary Redirect"
3: [default0]:INFO:httpx:HTTP Request: GET https://huggingface.co/api/models/gpt2/tree/main/additional_chat_templates?recursive=false&expand=false "HTTP/1.1 307 Temporary Redirect"
3: [default2]:INFO:httpx:HTTP Request: GET https://huggingface.co/api/models/gpt2/tree/main/additional_chat_templates?recursive=false&expand=false "HTTP/1.1 307 Temporary Redirect"
1: [default3]:INFO:httpx:HTTP Request: GET https://huggingface.co/api/models/openai-community/gpt2/tree/main/additional_chat_templates?recursive=false&expand=false "HTTP/1.1 404 Not Found"
1: [default1]:INFO:httpx:HTTP Request: GET https://huggingface.co/api/models/openai-community/gpt2/tree/main/additional_chat_templates?recursive=false&expand=false "HTTP/1.1 404 Not Found"
1: [default0]:INFO:httpx:HTTP Request: GET https://huggingface.co/api/models/openai-community/gpt2/tree/main/additional_chat_templates?recursive=false&expand=false "HTTP/1.1 404 Not Found"
2: [default2]:INFO:httpx:HTTP Request: GET https://huggingface.co/api/models/openai-community/gpt2/tree/main/additional_chat_templates?recursive=false&expand=false "HTTP/1.1 404 Not Found"
2: [default1]:INFO:httpx:HTTP Request: GET https://huggingface.co/api/models/openai-community/gpt2/tree/main/additional_chat_templates?recursive=false&expand=false "HTTP/1.1 404 Not Found"
2: [default0]:INFO:httpx:HTTP Request: GET https://huggingface.co/api/models/openai-community/gpt2/tree/main/additional_chat_templates?recursive=false&expand=false "HTTP/1.1 404 Not Found"
2: [default3]:INFO:httpx:HTTP Request: GET https://huggingface.co/api/models/openai-community/gpt2/tree/main/additional_chat_templates?recursive=false&expand=false "HTTP/1.1 404 Not Found"
0: [default2]:INFO:httpx:HTTP Request: GET https://huggingface.co/api/models/openai-community/gpt2/tree/main/additional_chat_templates?recursive=false&expand=false "HTTP/1.1 404 Not Found"
0: [default3]:INFO:httpx:HTTP Request: GET https://huggingface.co/api/models/openai-community/gpt2/tree/main/additional_chat_templates?recursive=false&expand=false "HTTP/1.1 404 Not Found"
0: [default1]:INFO:httpx:HTTP Request: GET https://huggingface.co/api/models/openai-community/gpt2/tree/main/additional_chat_templates?recursive=false&expand=false "HTTP/1.1 404 Not Found"
0: [default0]:INFO:httpx:HTTP Request: GET https://huggingface.co/api/models/openai-community/gpt2/tree/main/additional_chat_templates?recursive=false&expand=false "HTTP/1.1 404 Not Found"
3: [default3]:INFO:httpx:HTTP Request: GET https://huggingface.co/api/models/openai-community/gpt2/tree/main/additional_chat_templates?recursive=false&expand=false "HTTP/1.1 404 Not Found"
3: [default1]:INFO:httpx:HTTP Request: GET https://huggingface.co/api/models/openai-community/gpt2/tree/main/additional_chat_templates?recursive=false&expand=false "HTTP/1.1 404 Not Found"
3: [default2]:INFO:httpx:HTTP Request: GET https://huggingface.co/api/models/openai-community/gpt2/tree/main/additional_chat_templates?recursive=false&expand=false "HTTP/1.1 404 Not Found"
3: [default0]:INFO:httpx:HTTP Request: GET https://huggingface.co/api/models/openai-community/gpt2/tree/main/additional_chat_templates?recursive=false&expand=false "HTTP/1.1 404 Not Found"
1: [default2]:INFO:httpx:HTTP Request: GET https://huggingface.co/api/models/openai-community/gpt2/tree/main/additional_chat_templates?recursive=false&expand=false "HTTP/1.1 404 Not Found"
2: [default0]:INFO:httpx:HTTP Request: GET https://huggingface.co/api/models/gpt2/tree/main?recursive=true&expand=false "HTTP/1.1 307 Temporary Redirect"
2: [default3]:INFO:httpx:HTTP Request: GET https://huggingface.co/api/models/gpt2/tree/main?recursive=true&expand=false "HTTP/1.1 307 Temporary Redirect"
0: [default2]:INFO:httpx:HTTP Request: GET https://huggingface.co/api/models/gpt2/tree/main?recursive=true&expand=false "HTTP/1.1 307 Temporary Redirect"
0: [default3]:INFO:httpx:HTTP Request: GET https://huggingface.co/api/models/gpt2/tree/main?recursive=true&expand=false "HTTP/1.1 307 Temporary Redirect"
0: [default1]:INFO:httpx:HTTP Request: GET https://huggingface.co/api/models/gpt2/tree/main?recursive=true&expand=false "HTTP/1.1 307 Temporary Redirect"
0: [default0]:INFO:httpx:HTTP Request: GET https://huggingface.co/api/models/gpt2/tree/main?recursive=true&expand=false "HTTP/1.1 307 Temporary Redirect"
3: [default1]:INFO:httpx:HTTP Request: GET https://huggingface.co/api/models/gpt2/tree/main?recursive=true&expand=false "HTTP/1.1 307 Temporary Redirect"
3: [default2]:INFO:httpx:HTTP Request: GET https://huggingface.co/api/models/gpt2/tree/main?recursive=true&expand=false "HTTP/1.1 307 Temporary Redirect"
3: [default0]:INFO:httpx:HTTP Request: GET https://huggingface.co/api/models/gpt2/tree/main?recursive=true&expand=false "HTTP/1.1 307 Temporary Redirect"
1: [default3]:INFO:httpx:HTTP Request: GET https://huggingface.co/api/models/gpt2/tree/main?recursive=true&expand=false "HTTP/1.1 307 Temporary Redirect"
1: [default1]:INFO:httpx:HTTP Request: GET https://huggingface.co/api/models/gpt2/tree/main?recursive=true&expand=false "HTTP/1.1 307 Temporary Redirect"
1: [default0]:INFO:httpx:HTTP Request: GET https://huggingface.co/api/models/gpt2/tree/main?recursive=true&expand=false "HTTP/1.1 307 Temporary Redirect"
1: [default2]:INFO:httpx:HTTP Request: GET https://huggingface.co/api/models/gpt2/tree/main?recursive=true&expand=false "HTTP/1.1 307 Temporary Redirect"
2: [default2]:INFO:httpx:HTTP Request: GET https://huggingface.co/api/models/gpt2/tree/main?recursive=true&expand=false "HTTP/1.1 307 Temporary Redirect"
2: [default1]:INFO:httpx:HTTP Request: GET https://huggingface.co/api/models/gpt2/tree/main?recursive=true&expand=false "HTTP/1.1 307 Temporary Redirect"
3: [default3]:INFO:httpx:HTTP Request: GET https://huggingface.co/api/models/gpt2/tree/main?recursive=true&expand=false "HTTP/1.1 307 Temporary Redirect"
1: [default3]:INFO:httpx:HTTP Request: GET https://huggingface.co/api/models/openai-community/gpt2/tree/main?recursive=true&expand=false "HTTP/1.1 200 OK"
1: [default1]:INFO:httpx:HTTP Request: GET https://huggingface.co/api/models/openai-community/gpt2/tree/main?recursive=true&expand=false "HTTP/1.1 200 OK"
1: [default0]:INFO:httpx:HTTP Request: GET https://huggingface.co/api/models/openai-community/gpt2/tree/main?recursive=true&expand=false "HTTP/1.1 200 OK"
1: [default2]:INFO:httpx:HTTP Request: GET https://huggingface.co/api/models/openai-community/gpt2/tree/main?recursive=true&expand=false "HTTP/1.1 200 OK"
2: [default2]:INFO:httpx:HTTP Request: GET https://huggingface.co/api/models/openai-community/gpt2/tree/main?recursive=true&expand=false "HTTP/1.1 200 OK"
2: [default0]:INFO:httpx:HTTP Request: GET https://huggingface.co/api/models/openai-community/gpt2/tree/main?recursive=true&expand=false "HTTP/1.1 200 OK"
2: [default1]:INFO:httpx:HTTP Request: GET https://huggingface.co/api/models/openai-community/gpt2/tree/main?recursive=true&expand=false "HTTP/1.1 200 OK"
2: [default3]:INFO:httpx:HTTP Request: GET https://huggingface.co/api/models/openai-community/gpt2/tree/main?recursive=true&expand=false "HTTP/1.1 200 OK"
0: [default2]:INFO:httpx:HTTP Request: GET https://huggingface.co/api/models/openai-community/gpt2/tree/main?recursive=true&expand=false "HTTP/1.1 200 OK"
0: [default3]:INFO:httpx:HTTP Request: GET https://huggingface.co/api/models/openai-community/gpt2/tree/main?recursive=true&expand=false "HTTP/1.1 200 OK"
0: [default1]:INFO:httpx:HTTP Request: GET https://huggingface.co/api/models/openai-community/gpt2/tree/main?recursive=true&expand=false "HTTP/1.1 200 OK"
0: [default0]:INFO:httpx:HTTP Request: GET https://huggingface.co/api/models/openai-community/gpt2/tree/main?recursive=true&expand=false "HTTP/1.1 200 OK"
3: [default3]:INFO:httpx:HTTP Request: GET https://huggingface.co/api/models/openai-community/gpt2/tree/main?recursive=true&expand=false "HTTP/1.1 200 OK"
3: [default1]:INFO:httpx:HTTP Request: GET https://huggingface.co/api/models/openai-community/gpt2/tree/main?recursive=true&expand=false "HTTP/1.1 200 OK"
3: [default2]:INFO:httpx:HTTP Request: GET https://huggingface.co/api/models/openai-community/gpt2/tree/main?recursive=true&expand=false "HTTP/1.1 200 OK"
3: [default0]:INFO:httpx:HTTP Request: GET https://huggingface.co/api/models/openai-community/gpt2/tree/main?recursive=true&expand=false "HTTP/1.1 200 OK"
0: [default0]:INFO:megatron.core.tokenizers.text.libraries.huggingface_tokenizer:1 special tokens added, resize your model accordingly.
0: [default0]:INFO:megatron.core.tokenizers.utils.build_tokenizer: > padded vocab (size: 50257) with 47 dummy tokens (new size: 50304)
0: [default0]:WARNING:megatron.core.rerun_state_machine:RerunStateMachine initialized in mode RerunMode.VALIDATE_RESULTS
0: [default0]:> initializing torch distributed ...
3: [default3]:WARNING: one_logger package is required to enable e2e metrics tracking. please go to https://confluence.nvidia.com/display/MLWFO/Package+Repositories for details to install it
0: [default0]:> initialized tensor model parallel with size 1
0: [default0]:> initialized pipeline model parallel with size 1
0: [default0]:> setting random seeds to 42 ...
0: [default0]:> compiling dataset index builder ...
0: [default0]:make: Entering directory '/users/jmaillef/gipfelsturm/Megatron-LM/megatron/core/datasets'
0: [default0]:make: Nothing to be done for 'default'.
0: [default0]:make: Leaving directory '/users/jmaillef/gipfelsturm/Megatron-LM/megatron/core/datasets'
0: [default0]:>>> done with dataset index builder. Compilation time: 0.106 seconds
0: [default0]:time to initialize megatron (seconds): 10.140
0: [default0]:[after in-process setup and before initialize_megatron] datetime: 2026-05-09 16:46:56.889999 
0: [default0]:[after in-job setup and before initialize_megatron] datetime: 2026-05-09 16:46:56.932351 
0: [default0]:[before library-setup] datetime: 2026-05-09 16:46:15.551263
0: [default0]:[after library-setup] datetime: 2026-05-09 16:46:56.809898
0: [default0]:[before megatron-init] datetime: 2026-05-09 16:46:56.889997
0: [default0]:[after megatron is initialized] datetime: 2026-05-09 16:47:05.145357 
0: [default0]:building GPT model ...
3: [default3]:INFO:megatron.core.timers:(min, max) time across ranks (ms):
3: [default3]:    startup-program-entry-spread ...................: (0.03, 5.80)
3: [default3]:    startup-library-setup ..........................: (41194.53, 41269.96)
3: [default3]:    startup-program-setup ..........................: (77.51, 80.20)
3: [default3]:    startup-in-process-setup .......................: (0.00, 0.00)
3: [default3]:    startup-in-job-setup ...........................: (41.34, 43.79)
3: [default3]:    startup-initialize-megatron ....................: (3886.32, 3968.58)
3: [default3]:    startup-set-jit-fusion-options .................: (3582.46, 3770.06)
3: [default3]:    all-reduce-start-timestamps-tensor .............: (1.13, 186.99)
3: [default3]:    startup-megatron-init-local ....................: (7701.29, 7780.32)
3: [default3]:    startup-megatron-init-global ...................: (49052.69, 49052.86)
0: [default0]: > number of parameters on (tensor, pipeline) model parallel rank (0, 0): 749477376
0: [default0]:INFO:megatron.core.distributed.distributed_data_parallel:Setting up DistributedDataParallel with config DistributedDataParallelConfig(grad_reduce_in_fp32=True, overlap_grad_reduce=True, overlap_param_gather=True, align_param_gather=False, use_distributed_optimizer=True, num_distributed_optimizer_instances=1, check_for_nan_in_grad=False, check_for_large_grads=False, bucket_size=40000000, pad_buckets_for_high_nccl_busbw=False, reduce_scatter_with_fp32_accumulation=False, param_name_patterns_for_fp32_local_accumulation=(), average_in_collective=False, fp8_param_gather=False, fp4_param_gather=False, reuse_grad_buf_for_mxfp8_param_ag=False, use_megatron_fsdp=False, use_custom_fsdp=False, data_parallel_sharding_strategy='no_shard', gradient_reduce_div_fusion=True, suggested_communication_unit_size=None, keep_fp8_transpose_cache=False, nccl_ub=False, fsdp_double_buffer=False, fsdp_db_use_persist_buf_on_alloc_fai
0: l=False, fsdp_all_gather_in_start_param_sync=True, outer_dp_sharding_strategy='no_shard', disable_symmetric_registration=False, fsdp_manual_registration=False, delay_wgrad_compute=False, megatron_fsdp_main_params_dtype=torch.float32, megatron_fsdp_main_grads_dtype=None, megatron_fsdp_grad_comm_dtype=None, megatron_fsdp_use_decoupled_grad=False)
0: [default0]:INFO:megatron.core.distributed.param_and_grad_buffer:Number of buckets for gradient all-reduce / reduce-scatter: 14
0: [default0]:Params for bucket 1 (77266944 elements, 77266944 padded size, 0 param(s) with extra main_grads):
0: [default0]:	module.output_layer.weight (param.main_grad.dtype=torch.float32)
0: [default0]:Params for bucket 2 (43674880 elements, 43674880 padded size, 0 param(s) with extra main_grads):
0: [default0]:	module.decoder.final_layernorm.weight (param.main_grad.dtype=torch.float32)
0: [default0]:	module.decoder.layers.23.mlp.linear_fc2.bias (param.main_grad.dtype=torch.float32)
0: [default0]:	module.decoder.layers.23.mlp.linear_fc2.weight (param.main_grad.dtype=torch.float32)
0: [default0]:	module.decoder.layers.23.mlp.linear_fc1.bias (param.main_grad.dtype=torch.float32)
0: [default0]:	module.decoder.layers.23.mlp.linear_fc1.weight (param.main_grad.dtype=torch.float32)
0: [default0]:	module.decoder.layers.23.mlp.linear_fc1.layer_norm_weight (param.main_grad.dtype=torch.float32)
0: [default0]:	module.decod
0: er.layers.23.self_attention.linear_qkv.bias (param.main_grad.dtype=torch.float32)
0: [default0]:	module.decoder.layers.23.self_attention.linear_qkv.weight (param.main_grad.dtype=torch.float32)
0: [default0]:	module.decoder.layers.23.self_attention.linear_qkv.layer_norm_weight (param.main_grad.dtype=torch.float32)
0: [default0]:	module.decoder.layers.23.self_attention.linear_proj.bias (param.main_grad.dtype=torch.float32)
0: [default0]:	module.decoder.layers.23.self_attention.linear_proj.weight (param.main_grad.dtype=torch.float32)
0: [default0]:	module.decoder.layers.22.mlp.linear_fc2.bias (param.main_grad.dtype=torch.float32)
0: [default0]:	module.decoder.layers.22.mlp.linear_fc2.weight (param.main_grad.dtype=torch.float32)
0: [default0]:	module.decoder.layers.22.mlp.linear_fc1.bias (param.main_grad.dtype=torch.float32)
0: [default0]:	module.decoder.layers.22.mlp.linear_fc1.weight (param.main_grad.dtype=torch.float32)
0: [default0]:Params for bucket 3 (49578496 elements, 49578496 padded size, 0 param(s) with extra main_grads):
0: [default0]:	module.decoder.layers.22.mlp.linear_fc1.layer_norm_weight (param.main_grad.dtype=torch.float32)
0: [default0]:	module.decoder.layers.22.self_attention.linear_qkv.bias (param.main_grad.dtype=torch.float32)
0: [default0]:	module.decoder.layers.22.self_attention.linear_qkv.weight (param.main_grad.dtype=torch.float32)
0: [default0]:	module.decoder.layers.22.self_attention.linear_qkv.layer_norm_weight (param.main_grad.dtype=torch.float32)
0: [default0]:	module.decoder.layers.22.self_attention.linear_proj.bias (param.main_grad.dtype=torch.float32)
0: [default0]:	module.decoder.layers.22.self_attention.linear_proj.weight (param.m
0: ain_grad.dtype=torch.float32)
0: [default0]:	module.decoder.layers.21.mlp.linear_fc2.bias (param.main_grad.dtype=torch.float32)
0: [default0]:	module.decoder.layers.21.mlp.linear_fc2.weight (param.main_grad.dtype=torch.float32)
0: [default0]:	module.decoder.layers.21.mlp.linear_fc1.bias (param.main_grad.dtype=torch.float32)
0: [default0]:	module.decoder.layers.21.mlp.linear_fc1.weight (param.main_grad.dtype=torch.float32)
0: [default0]:	module.decoder.layers.21.mlp.linear_fc1.layer_norm_weight (param.main_grad.dtype=torch.float32)
0: [default0]:	module.decoder.layers.21.self_attention.linear_qkv.bias (param.main_grad.dtype=torch.float32)
0: [default0]:	module.decoder.layers.21.self_attention.linear_qkv.weight (param.main_grad.dtype=torch.float32)
0: [default0]:	module.decoder.layers.21.self_attention.linear_qkv.layer_norm_weight (param.main_grad.dtype=torch.float32)
0: [default0]:	module.decoder.layers.21.self_attention.linear_proj.bias (param.main_grad.dtype=torch.float32)
0: [default0]:	module.decoder.layers.21.self_attention.linear_pro
0: j.weight (param.main_grad.dtype=torch.float32)
0: [default0]:	module.decoder.layers.20.mlp.linear_fc2.bias (param.main_grad.dtype=torch.float32)
0: [default0]:	module.decoder.layers.20.mlp.linear_fc2.weight (param.main_grad.dtype=torch.float32)
0: [default0]:	module.decoder.layers.20.mlp.linear_fc1.bias (param.main_grad.dtype=torch.float32)
0: [default0]:	module.decoder.layers.20.mlp.linear_fc1.weight (param.main_grad.dtype=torch.float32)
0: [default0]:Params for bucket 4 (49578496 elements, 49578496 padded size, 0 param(s) with extra main_grads):
0: [default0]:	module.decoder.layers.20.mlp.linear_fc1.layer_norm_weight (param.main_grad.dtype=torch.float32)
0: [default0]:	module.decoder.layers.20.self_attention.linear_qkv.bias (param.main_grad.dtype=torch.float32)
0: [default0]:	module.decoder.layers.20.self_attention.linear_qkv.weight (param.main_grad.dtype=torch.float32)
0: [default0]:	module.decoder.layers.20.self_attention.linear_qkv.layer_norm_weight (param.main_grad.dtype=torch.float32)
0: [default0]:	module.decoder.layers.20.self_attention.linear_proj.bias (param.main_grad.dtype=torch.float32)
0: [default0]:	module.decoder.layers.20.self_attention.linear_proj.weight (param.main_grad.dtype=torch.float32)
0: [default0]:	module.decoder.layers.19.mlp.linear_fc2.bias (param.main_grad.dtype=torch.float32)
0: [default0]:	module.decoder.layers.19.mlp.linear_fc2.weight (param.main_grad.dtype=torch.float32)
0: [default0]:	module.decoder.layers.19.mlp.linear_fc1.bias (param.mai
0: n_grad.dtype=torch.float32)
0: [default0]:	module.decoder.layers.19.mlp.linear_fc1.weight (param.main_grad.dtype=torch.float32)
0: [default0]:	module.decoder.layers.19.mlp.linear_fc1.layer_norm_weight (param.main_grad.dtype=torch.float32)
0: [default0]:	module.decoder.layers.19.self_attention.linear_qkv.bias (param.main_grad.dtype=torch.float32)
0: [default0]:	module.decoder.layers.19.self_attention.linear_qkv.weight (param.main_grad.dtype=torch.float32)
0: [default0]:	module.decoder.layers.19.self_attention.linear_qkv.layer_norm_weight (param.main_grad.dtype=torch.float32)
0: [default0]:	module.decoder.layers.19.self_attention.linear_proj.bias (param.main_grad.dtype=torch.float32)
0: [default0]:	module.decoder.layers.19.self_attention.linear_proj.weight (param.main_grad.dtype=torch.float32)
0: [default0]:	module.decoder.layers.18.mlp.linear_fc2.bias (param.main_grad.dtype=torch.float32)
0: [default0]:	module.decoder.layers.18.mlp.linear_fc2.weight (param.main_grad.dtype=torch.float32)
0: [default0]:	module.decoder.layers.18.mlp.linear_fc
0: 1.bias (param.main_grad.dtype=torch.float32)
0: [default0]:	module.decoder.layers.18.mlp.linear_fc1.weight (param.main_grad.dtype=torch.float32)
0: [default0]:Params for bucket 5 (49578496 elements, 49578496 padded size, 0 param(s) with extra main_grads):
0: [default0]:	module.decoder.layers.18.mlp.linear_fc1.layer_norm_weight (param.main_grad.dtype=torch.float32)
0: [default0]:	module.decoder.layers.18.self_attention.linear_qkv.bias (param.main_grad.dtype=torch.float32)
0: [default0]:	module.decoder.layers.18.self_attention.linear_qkv.weight (param.main_grad.dtype=torch.float32)
0: [default0]:	module.decoder.layers.18.self_attention.linear_qkv.layer_norm_weight (param.main_grad.dtype=torch.float32)
0: [default0]:	module.decoder.layers.18.self_attention.linear_proj.bias (param.main_grad.dtype=torch.float32)
0: [default0]:	module.decoder.layers.18.self_attention.linear_proj.weight (param.main_grad.dtype=torch.float32)
0: [default0]:	module.decoder.layers.17.mlp.linear_fc2.bias (param.main_grad.dtype=torch.float32)
0: [default0]:	module.dec
0: oder.layers.17.mlp.linear_fc2.weight (param.main_grad.dtype=torch.float32)
0: [default0]:	module.decoder.layers.17.mlp.linear_fc1.bias (param.main_grad.dtype=torch.float32)
0: [default0]:	module.decoder.layers.17.mlp.linear_fc1.weight (param.main_grad.dtype=torch.float32)
0: [default0]:	module.decoder.layers.17.mlp.linear_fc1.layer_norm_weight (param.main_grad.dtype=torch.float32)
0: [default0]:	module.decoder.layers.17.self_attention.linear_qkv.bias (param.main_grad.dtype=torch.float32)
0: [default0]:	module.decoder.layers.17.self_attention.linear_qkv.weight (param.main_grad.dtype=torch.float32)
0: [default0]:	module.decoder.layers.17.self_attention.linear_qkv.layer_norm_weight (param.main_grad.dtype=torch.float32)
0: [default0]:	module.decoder.layers.17.self_attention.linear_proj.bias (param.main_grad.dtype=torch.float32)
0: [default0]:	module.decoder.layers.17.self_attention.linear_proj.weight (param.main_grad.dtype=torch.float32)
0: [default0]:	module.decoder.layers.16.mlp.linear_fc2.bias (param.main_grad.dtype=torch.float32)
0: [default0]:	module.decoder.layers.16.mlp.linear_fc2.weight (param.main_grad.dtype=torch.float32)
0: [default0]:	module.decoder.layers.16.mlp.linear_fc1.bias (param.main_grad.dtype=torch.float32)
0: [default0]:	module.decoder.layers.16.mlp.linear_fc1.weight (param.main_grad.dtype=torch.float32)
0: [default0]:Params for bucket 6 (49578496 elements, 49578496 padded size, 0 param(s) with extra main_grads):
0: [default0]:	module.decoder.layers.16.mlp.linear_fc1.layer_norm_weight (param.main_grad.dtype=torch.float32)
0: [default0]:	module.decoder.layers.16.self_attention.linear_qkv.bias (param.main_grad.dtype=torch.float32)
0: [default0]:	module.decoder.layers.16.self_attention.linear_qkv.weight (param.main_grad.dtype=torch.flo
0: at32)
0: [default0]:	module.decoder.layers.16.self_attention.linear_qkv.layer_norm_weight (param.main_grad.dtype=torch.float32)
0: [default0]:	module.decoder.layers.16.self_attention.linear_proj.bias (param.main_grad.dtype=torch.float32)
0: [default0]:	module.decoder.layers.16.self_attention.linear_proj.weight (param.main_grad.dtype=torch.float32)
0: [default0]:	module.decoder.layers.15.mlp.linear_fc2.bias (param.main_grad.dtype=torch.float32)
0: [default0]:	module.decoder.layers.15.mlp.linear_fc2.weight (param.main_grad.dtype=torch.float32)
0: [default0]:	module.decoder.layers.15.mlp.linear_fc1.bias (param.main_grad.dtype=torch.float32)
0: [default0]:	module.decoder.layers.15.mlp.linear_fc1.weight (param.main_grad.dtype=torch.float32)
0: [default0]:	module.decoder.layers.15.mlp.linear_fc1.layer_norm_weight (param.main_grad.dtype=torch.float32)
0: [default0]:	module.decoder.layers.15.self_attention.linear_qkv.bias (param.main_grad.dtype=torch.float32)
0: [default0]:	module.decoder.layers.15.self_attention.linear_qkv.weight (param.main_grad.dtype=torch.float32)
0: [default0]:	module.decoder.layers.15.self_attention.linear_qkv.layer_norm_weight (param.main_grad.dtype=torch.float32)
0: [default0]:	module.decoder.layers.15.self_attention.linear_proj.bias (param.main_grad.dtyp
0: e=torch.float32)
0: [default0]:	module.decoder.layers.15.self_attention.linear_proj.weight (param.main_grad.dtype=torch.float32)
0: [default0]:	module.decoder.layers.14.mlp.linear_fc2.bias (param.main_grad.dtype=torch.float32)
0: [default0]:	module.decoder.layers.14.mlp.linear_fc2.weight (param.main_grad.dtype=torch.float32)
0: [default0]:	module.decoder.layers.14.mlp.linear_fc1.bias (param.main_grad.dtype=torch.float32)
0: [default0]:	module.decoder.layers.14.mlp.linear_fc1.weight (param.main_grad.dtype=torch.float32)
0: [default0]:Params for bucket 7 (49578496 elements, 49578496 padded size, 0 param(s) with extra main_grads):
0: [default0]:	module.decoder.layers.14.mlp.linear_fc1.layer_norm_weight (param.main_grad.dtype=torch.float32)
0: [default0]:	module.decoder.layers.14.self_attention.linear_qkv.bias (param.main_grad.dtype=torch.float32)
0: [default0]:	module.decoder.layers.14.self_attention.linear_qkv.weight (param.main_grad.dtype=torch.float32)
0: [default0]:	module.decoder.layers.14.self_attention.linear_qkv.layer_norm_weight (pa
0: ram.main_grad.dtype=torch.float32)
0: [default0]:	module.decoder.layers.14.self_attention.linear_proj.bias (param.main_grad.dtype=torch.float32)
0: [default0]:	module.decoder.layers.14.self_attention.linear_proj.weight (param.main_grad.dtype=torch.float32)
0: [default0]:	module.decoder.layers.13.mlp.linear_fc2.bias (param.main_grad.dtype=torch.float32)
0: [default0]:	module.decoder.layers.13.mlp.linear_fc2.weight (param.main_grad.dtype=torch.float32)
0: [default0]:	module.decoder.layers.13.mlp.linear_fc1.bias (param.main_grad.dtype=torch.float32)
0: [default0]:	module.decoder.layers.13.mlp.linear_fc1.weight (param.main_grad.dtype=torch.float32)
0: [default0]:	module.decoder.layers.13.mlp.linear_fc1.layer_norm_weight (param.main_grad.dtype=torch.float32)
0: [default0]:	module.decoder.layers.13.self_attention.linear_qkv.bias (param.main_grad.dtype=torch.float32)
0: [default0]:	module.decoder.layers.13.self_attention.linear_qkv.weight (param.main_grad.dtype=torch.float32)
0: [default0]:	module.decoder.layers.13.self_attention.linear_qkv.layer_norm_weight (param.main_grad.dtype=torch.float32)
0: [default0]:	module.decoder.layers.13.self_attention.linear_proj.bias (param.main_grad.dtype=torch.float32)
0: [default0]:	module.decoder.layers.13.self_attention.linear_proj.weight (param.main_grad.dtype=torch.float32)
0: [default0]:	module.decoder.layers.12.mlp.linear_fc2.bias (param.main_grad.dtype=torch.float32)
0: [default0]:	module.decoder.layers.12.mlp.linear_fc2.weight (param.main_grad.dtype=torch.float32)
0: [default0]:	module.decoder.layers.12.mlp.linear_fc1.bias (param.main_grad.dtype=torch.float32)
0: [default0]:	module.decoder.layers.12.mlp.linear_fc1.weight (param.main_grad.dtype=torch.float32)
0: [default0]:Params for bucket 8 (49578496 elements, 49578496 padded size, 0 param(s) with ex
0: tra main_grads):
0: [default0]:	module.decoder.layers.12.mlp.linear_fc1.layer_norm_weight (param.main_grad.dtype=torch.float32)
0: [default0]:	module.decoder.layers.12.self_attention.linear_qkv.bias (param.main_grad.dtype=torch.float32)
0: [default0]:	module.decoder.layers.12.self_attention.linear_qkv.weight (param.main_grad.dtype=torch.float32)
0: [default0]:	module.decoder.layers.12.self_attention.linear_qkv.layer_norm_weight (param.main_grad.dtype=torch.float32)
0: [default0]:	module.decoder.layers.12.self_attention.linear_proj.bias (param.main_grad.dtype=torch.float32)
0: [default0]:	module.decoder.layers.12.self_attention.linear_proj.weight (param.main_grad.dtype=torch.float32)
0: [default0]:	module.decoder.layers.11.mlp.linear_fc2.bias (param.main_grad.dtype=torch.float32)
0: [default0]:	module.decoder.layers.11.mlp.linear_fc2.weight (param.main_grad.dtype=torch.float32)
0: [default0]:	module.decoder.layers.11.mlp.linear_fc1.bias (param.main_grad.dtype=torch.float32)
0: [default0]:	module.decoder.layers.11.mlp.linear_fc1.weight (par
0: am.main_grad.dtype=torch.float32)
0: [default0]:	module.decoder.layers.11.mlp.linear_fc1.layer_norm_weight (param.main_grad.dtype=torch.float32)
0: [default0]:	module.decoder.layers.11.self_attention.linear_qkv.bias (param.main_grad.dtype=torch.float32)
0: [default0]:	module.decoder.layers.11.self_attention.linear_qkv.weight (param.main_grad.dtype=torch.float32)
0: [default0]:	module.decoder.layers.11.self_attention.linear_qkv.layer_norm_weight (param.main_grad.dtype=torch.float32)
0: [default0]:	module.decoder.layers.11.self_attention.linear_proj.bias (param.main_grad.dtype=torch.float32)
0: [default0]:	module.decoder.layers.11.self_attention.linear_proj.weight (param.main_grad.dtype=torch.float32)
0: [default0]:	module.decoder.layers.10.mlp.linear_fc2.bias (param.main_grad.dtype=torch.float32)
0: [default0]:	module.decoder.layers.10.mlp.linear_fc2.weight (param.main_grad.dtype=torch.float32)
0: [default0]:	module.decoder.layers.10.mlp.linear_fc1.bias (param.main_grad.dtype=torch.float32)
0: [default0]:	module.decoder.layers.10.mlp.linear_fc1.weight (param.main_grad.dtype=torch.float32)
0: [default0]:Params for bucket 9 (49578496 elements, 49578496 padded size, 0 param(s) with ex
0: tra main_grads):
0: [default0]:	module.decoder.layers.10.mlp.linear_fc1.layer_norm_weight (param.main_grad.dtype=torch.float32)
0: [default0]:	module.decoder.layers.10.self_attention.linear_qkv.bias (param.main_grad.dtype=torch.float32)
0: [default0]:	module.decoder.layers.10.self_attention.linear_qkv.weight (param.main_grad.dtype=torch.float32)
0: [default0]:	module.decoder.layers.10.self_attention.linear_qkv.layer_norm_weight (param.main_grad.dtype=torch.float32)
0: [default0]:	module.decoder.layers.10.self_attention.linear_proj.bias (param.main_grad.dtype=torch.float32)
0: [default0]:	module.decoder.layers.10.self_attention.linear_proj.weight (param.main_grad.dtype=torch.float32)
0: [default0]:	module.decoder.layers.9.mlp.linear_fc2.bias (param.main_grad.dtype=torch.float32)
0: [default0]:	module.decoder.layers.9.mlp.linear_fc2.weight (param.main_grad.dtype=torch.float32)
0: [default0]:	module.decoder.layers.9.mlp.linear_fc1.bias (param.main_grad.dtype=torch.float32)
0: [default0]:	module.decoder.layers.9.mlp.linear_fc1.weight (param.main_grad.dtype=torch.float32)
0: [default0]:	module.decoder.layers.9.mlp.linear_fc1.layer_norm_weight (param.main_grad.dtype=torch.float32)
0: [default0]:	module.decoder.layers.9.self_attention.linear_qkv.bias (param.main_grad.dtype=torch.float32)
0: [default0]:	module.decoder.layers.9.self_attention.linear_qkv.weight (param.main_grad.dtype=torch.float32)
0: [default0]:	module.decoder.layers.9.self_attention.linear_qkv.layer_norm_weight (param.main_grad.dtype=torch.float32)
0: [default0]:	module.decoder.layers.9.self_attention.linear_proj.bias (param.main_grad.dtype=torch.float32)
0: [default0]:	module.decoder.layers.9.self_attention.linear_proj.weight (param.main_grad.dtype=torch.fl
0: oat32)
0: [default0]:	module.decoder.layers.8.mlp.linear_fc2.bias (param.main_grad.dtype=torch.float32)
0: [default0]:	module.decoder.layers.8.mlp.linear_fc2.weight (param.main_grad.dtype=torch.float32)
0: [default0]:	module.decoder.layers.8.mlp.linear_fc1.bias (param.main_grad.dtype=torch.float32)
0: [default0]:	module.decoder.layers.8.mlp.linear_fc1.weight (param.main_grad.dtype=torch.float32)
0: [default0]:Params for bucket 10 (49578496 elements, 49578496 padded size, 0 param(s) with extra main_grads):
0: [default0]:	module.decoder.layers.8.mlp.linear_fc1.layer_norm_weight (param.main_grad.dtype=torch.float32)
0: [default0]:	module.decoder.layers.8.self_attention.linear_qkv.bias (param.main_grad.dtype=torch.float32)
0: [default0]:	module.decoder.layers.8.self_attention.linear_qkv.weight (param.main_grad.dtype=torch.float32)
0: [default0]:	module.decoder.layers.8.self_attention.linear_qkv.layer_norm_weight (param.main_grad.dtype=torch.float32)
0: [default0]:	module.decoder.layers.8.self_attention.linear_proj.bias (param.main_grad.dtype=torch.float32)
0: [default0]:	module.decoder.layers.8.self_attention.linear_proj.weight (param.main_grad.dtype=torch.float32)
0: [default0]:	module.decoder.layers.7.mlp.linear_fc2.bias (param.main_grad.d
0: type=torch.float32)
0: [default0]:	module.decoder.layers.7.mlp.linear_fc2.weight (param.main_grad.dtype=torch.float32)
0: [default0]:	module.decoder.layers.7.mlp.linear_fc1.bias (param.main_grad.dtype=torch.float32)
0: [default0]:	module.decoder.layers.7.mlp.linear_fc1.weight (param.main_grad.dtype=torch.float32)
0: [default0]:	module.decoder.layers.7.mlp.linear_fc1.layer_norm_weight (param.main_grad.dtype=torch.float32)
0: [default0]:	module.decoder.layers.7.self_attention.linear_qkv.bias (param.main_grad.dtype=torch.float32)
0: [default0]:	module.decoder.layers.7.self_attention.linear_qkv.weight (param.main_grad.dtype=torch.float32)
0: [default0]:	module.decoder.layers.7.self_attention.linear_qkv.layer_norm_weight (param.main_grad.dtype=torch.float32)
0: [default0]:	module.decoder.layers.7.self_attention.linear_proj.bias (param.main_grad.dtype=torch.float32)
0: [default0]:	module.decoder.layers.7.self_attention.linear_proj.weight (param.main_grad.dtype=torch.float32)
0: [default0]:	module.decoder.layers.6.mlp.linear_fc2.bias (param.main_grad.dtype=torch.float32)
0: [default0]:	module.decoder.layers.6.mlp.linear_fc2.weight (param.main_grad.dtype=torch.float32)
0: [default0]:	module.decoder.layers.6.mlp.linear_fc1.bias (param.main_grad.dtype=torch.float32)
0: [default0]:	module.decoder.layers.6.mlp.linear_fc1.weight (param.main_grad.dtype=torch.float32)
0: [default0]:Params for bucket 11 (49578496 elements, 49578496 padded size, 0 param(s) with extra main_grads):
0: [default0]:	module.decoder.layers.6.mlp.linear_fc1.layer_norm_weight (param.main_grad.dtype=torch.float32)
0: [default0]:	module.decoder.layers.6.self_attention.linear_qkv.bias (param.main_grad.dtype=torch.float32)
0: [default0]:	module.decoder.layers.6.self_attention.linear_qkv.weight (param.main_grad.dtype=torch.float32)
0: [d
0: efault0]:	module.decoder.layers.6.self_attention.linear_qkv.layer_norm_weight (param.main_grad.dtype=torch.float32)
0: [default0]:	module.decoder.layers.6.self_attention.linear_proj.bias (param.main_grad.dtype=torch.float32)
0: [default0]:	module.decoder.layers.6.self_attention.linear_proj.weight (param.main_grad.dtype=torch.float32)
0: [default0]:	module.decoder.layers.5.mlp.linear_fc2.bias (param.main_grad.dtype=torch.float32)
0: [default0]:	module.decoder.layers.5.mlp.linear_fc2.weight (param.main_grad.dtype=torch.float32)
0: [default0]:	module.decoder.layers.5.mlp.linear_fc1.bias (param.main_grad.dtype=torch.float32)
0: [default0]:	module.decoder.layers.5.mlp.linear_fc1.weight (param.main_grad.dtype=torch.float32)
0: [default0]:	module.decoder.layers.5.mlp.linear_fc1.layer_norm_weight (param.main_grad.dtype=torch.float32)
0: [default0]:	module.decoder.layers.5.self_attention.linear_qkv.bias (param.main_grad.dtype=torch.float32)
0: [default0]:	module.decoder.layers.5.self_attention.linear_qkv.weight (param.main_grad.dtype=torch.float32)
0: [default0]:	module.decoder.layers.5.self_attention.linear_qkv.layer_norm_weight (param.main_grad.dtype=torch.float32)
0: [default0]:	module.decoder.layers.5.self_attention.linear_proj.bias (param.main_grad.dtype=torch.float32)
0: [default0]:	module.decoder.layers.5.self_attention.linear_proj.weight (param.main_grad.dtype=torch.float32)
0: [default0]:	module.decoder.layers.4.mlp.linear_fc2.bias (param.main_grad.dtype=torch.float32)
0: [default0]:	module.decoder.layers.4.mlp.linear_fc2.weight (param.main_grad.dtype=torch.float32)
0: [default0]:	module.decoder.layers.4.mlp.linear_fc1.bias (param.main_grad.dtype=torch.fl
0: oat32)
0: [default0]:	module.decoder.layers.4.mlp.linear_fc1.weight (param.main_grad.dtype=torch.float32)
0: [default0]:Params for bucket 12 (49578496 elements, 49578496 padded size, 0 param(s) with extra main_grads):
0: [default0]:	module.decoder.layers.4.mlp.linear_fc1.layer_norm_weight (param.main_grad.dtype=torch.float32)
0: [default0]:	module.decoder.layers.4.self_attention.linear_qkv.bias (param.main_grad.dtype=torch.float32)
0: [default0]:	module.decoder.layers.4.self_attention.linear_qkv.weight (param.main_grad.dtype=torch.float32)
0: [default0]:	module.decoder.layers.4.self_attention.linear_qkv.layer_norm_weight (param.main_grad.dtype=torch.float32)
0: [default0]:	module.decoder.layers.4.self_attention.linear_proj.bias (param.main_grad.dtype=torch.float32)
0: [default0]:	module.decoder.layers.4.self_attention.linear_proj.weight (param.main_grad.dtype=torch.float32)
0: [default0]:	module.decoder.layers.3.mlp.linear_fc2.bias (param.main_grad.dtype=torch.float32)
0: [default0]:	module.decoder.layers.3.mlp.linear_fc2.weight (param.main_grad.dtype=torch.float32)
0: [default0]:	module.decoder.layers.3.mlp.linear_fc1.bias (param.main_grad.dtype=torch.float32)
0: [default0]:	module.decoder.layers.3.mlp.linear_fc1.weight (param.main_grad.dtype=torch.float32)
0: [default0]:	module.decoder.layers.3.mlp.linear_fc1.layer_norm_weight (param.main_grad.dtype=torch.float32)
0: [default0]:	module.decoder.layers.3.self_attention.linear_qkv.bias (param.main_grad.dtype=torch.fl
0: oat32)
0: [default0]:	module.decoder.layers.3.self_attention.linear_qkv.weight (param.main_grad.dtype=torch.float32)
0: [default0]:	module.decoder.layers.3.self_attention.linear_qkv.layer_norm_weight (param.main_grad.dtype=torch.float32)
0: [default0]:	module.decoder.layers.3.self_attention.linear_proj.bias (param.main_grad.dtype=torch.float32)
0: [default0]:	module.decoder.layers.3.self_attention.linear_proj.weight (param.main_grad.dtype=torch.float32)
0: [default0]:	module.decoder.layers.2.mlp.linear_fc2.bias (param.main_grad.dtype=torch.float32)
0: [default0]:	module.decoder.layers.2.mlp.linear_fc2.weight (param.main_grad.dtype=torch.float32)
0: [default0]:	module.decoder.layers.2.mlp.linear_fc1.bias (param.main_grad.dtype=torch.float32)
0: [default0]:	module.decoder.layers.2.mlp.linear_fc1.weight (param.main_grad.dtype=torch.float32)
0: [default0]:Params for bucket 13 (49578496 elements, 49578496 padded size, 0 param(s) with extra main_grads):
0: [default0]:	module.decoder.layers.2.mlp.linear_fc1.layer_norm_weight (param.main_grad.dtype=torch.float32)
0: [default0]:	module.decoder.layers.2.self_attention.linear_qkv.bias (param.main_grad.dtype=torch.float32)
0: [default0]:	module.decoder.layers.2.self_attention.linear_qkv.weight (param.main_grad.dtype=torch.float32)
0: [d
0: efault0]:	module.decoder.layers.2.self_attention.linear_qkv.layer_norm_weight (param.main_grad.dtype=torch.float32)
0: [default0]:	module.decoder.layers.2.self_attention.linear_proj.bias (param.main_grad.dtype=torch.float32)
0: [default0]:	module.decoder.layers.2.self_attention.linear_proj.weight (param.main_grad.dtype=torch.float32)
0: [default0]:	module.decoder.layers.1.mlp.linear_fc2.bias (param.main_grad.dtype=torch.float32)
0: [default0]:	module.decoder.layers.1.mlp.linear_fc2.weight (param.main_grad.dtype=torch.float32)
0: [default0]:	module.decoder.layers.1.mlp.linear_fc1.bias (param.main_grad.dtype=torch.float32)
0: [default0]:	module.decoder.layers.1.mlp.linear_fc1.weight (param.main_grad.dtype=torch.float32)
0: [default0]:	module.decoder.layers.1.mlp.linear_fc1.layer_norm_weight (param.main_grad.dtype=torch.float32)
0: [default0]:	module.decoder.layers.1.self_attention.linear_qkv.bias (param.main_grad.dtype=torch.float32)
0: [default0]:	module.decoder.layers.1.self_attention.linear_qkv.weight (param.main_grad.dtype=torch.float32)
0: [default0]:	module.decoder.layers.1.self_attention.linear_qkv.layer_norm_weight (param.main_grad.dtype=torch.float32)
0: [default0]:	module.decoder.layers.1.self_attention.linear_proj.bias (param.main_grad.dtype=torch.float32)
0: [default0]:	module.decoder.layers.1.self_attention.linear_proj.weight (param.main_grad.dtype=torch.float32)
0: [default0]:	module.decoder.layers.0.mlp.linear_fc2.bias (param.main_grad.dtype=torch.float32)
0: [default0]:	module.decoder.layers.0.mlp.linear_fc2.weight (param.main_grad.dtype=torch.float32)
0: [default0]:	module.decoder.layers.0.mlp.linear_fc1.bias (param.main_grad.dtype=torch.float32)
0: [default0]:	module.decoder.layers.0.mlp.linear_fc1.weight (param.main_grad.dtype=torch.float32)
0: [default0]:Params for bucket 14 (83172096 elements, 83172096 padded size, 0 param(s) with extra main
0: _grads):
0: [default0]:	module.decoder.layers.0.mlp.linear_fc1.layer_norm_weight (param.main_grad.dtype=torch.float32)
0: [default0]:	module.decoder.layers.0.self_attention.linear_qkv.bias (param.main_grad.dtype=torch.float32)
0: [default0]:	module.decoder.layers.0.self_attention.linear_qkv.weight (param.main_grad.dtype=torch.float32)
0: [default0]:	module.decoder.layers.0.self_attention.linear_qkv.layer_norm_weight (param.main_grad.dtype=torch.float32)
0: [default0]:	module.decoder.layers.0.self_attention.linear_proj.bias (param.main_grad.dtype=torch.float32)
0: [default0]:	module.decoder.layers.0.self_attention.linear_proj.weight (param.main_grad.dtype=torch.float32)
0: [default0]:	module.embedding.word_embeddings.weight (param.main_grad.dtype=torch.float32)
0: [default0]:INFO:megatron.core.optimizer:Setting up optimizer with config OptimizerConfig(lr=0.0003, min_lr=3e-05, decoupled_lr=None, decoupled_min_lr=None, weight_decay=0.1, apply_wd_to_qk_layernorm=False, fp8_recipe='blockwise', fp16=False, bf16=True, reuse_grad_buf_for_mxfp8_param_ag=False, params_dtype=torch.bfloat16, use_precision_aware_optimizer=False, store_param_remainders=True, main_grads_dtype=torch.float32, main_params_dtype=torch.float32, exp_avg_dtype=torch.float32, exp_avg_sq_dtype=torch.float32, optimizer='adam', loss_scale=None, initial_loss_scale=4294967296, min_loss_scale=1.0, loss_scale_window=1000, hysteresis=2, adam_beta1=0.9, adam_beta2=0.95, adam_eps=1e-08, decoupled_weight_decay=True, sgd_momentum=0.9, muon_momentum=0.9, muon_split_qkv=True, muon_nesterov=False, muon_scale_mode='spectral', muon_fp32_matmul_prec='medium', muon_coefficient_type='quintic', muon_num_ns_steps=5, muon_tp_mode='blockwise', muon_extra_scale_factor=1.0, muon_scalar_optimizer='adam', lion_beta1=0.95, lion_beta2=0
0: .98, soap_shampoo_beta=0.95, soap_precondition_frequency=1, soap_use_kl_shampoo=True, adaptive_muon_moment2_method='adamuon', adaptive_muon_beta2=0.95, adaptive_muon_eps=1e-08, use_distributed_optimizer=True, use_layer_wise_distributed_optimizer=False, overlap_param_gather=True, overlap_param_gather_with_optimizer_step=False, optimizer_cpu_offload=False, optimizer_offload_fraction=1.0, use_torch_optimizer_for_cpu_offload=False, overlap_cpu_optimizer_d2h_h2d=False, pin_cpu_grads=True, pin_cpu_params=True, offload_optimizer_states=False, clip_grad=1.0, log_num_zeros_in_grad=False, barrier_with_L1_time=True, timers=<megatron.core.timers.Timers object at 0x400619cd77a0>, config_logger_dir='', optimizer_cuda_graph=False)
0: [default0]:INFO:megatron.core.optimizer_param_scheduler:> learning rate decay style: cosine
0: [default0]:[after model, optimizer, and learning rate scheduler are built] datetime: 2026-05-09 16:47:06.294626 
0: [default0]:> building train, validation, and test datasets ...
0: [default0]:    train:      25600
0: [default0]:    validation: 1280
0: [default0]:    test:       1280
2: [default2]:INFO:httpx:HTTP Request: HEAD https://huggingface.co/gpt2/resolve/main/config.json "HTTP/1.1 200 OK"
2: [default1]:INFO:httpx:HTTP Request: HEAD https://huggingface.co/gpt2/resolve/main/config.json "HTTP/1.1 200 OK"
2: [default3]:INFO:httpx:HTTP Request: HEAD https://huggingface.co/gpt2/resolve/main/config.json "HTTP/1.1 200 OK"
0: [default3]:INFO:httpx:HTTP Request: HEAD https://huggingface.co/gpt2/resolve/main/config.json "HTTP/1.1 200 OK"
0: [default1]:INFO:httpx:HTTP Request: HEAD https://huggingface.co/gpt2/resolve/main/config.json "HTTP/1.1 200 OK"
0: [default2]:INFO:httpx:HTTP Request: HEAD https://huggingface.co/gpt2/resolve/main/config.json "HTTP/1.1 200 OK"
0: [default0]:INFO:httpx:HTTP Request: HEAD https://huggingface.co/gpt2/resolve/main/config.json "HTTP/1.1 200 OK"
3: [default1]:INFO:httpx:HTTP Request: HEAD https://huggingface.co/gpt2/resolve/main/config.json "HTTP/1.1 200 OK"
3: [default2]:INFO:httpx:HTTP Request: HEAD https://huggingface.co/gpt2/resolve/main/config.json "HTTP/1.1 200 OK"
3: [default0]:INFO:httpx:HTTP Request: HEAD https://huggingface.co/gpt2/resolve/main/config.json "HTTP/1.1 200 OK"
3: [default3]:INFO:httpx:HTTP Request: HEAD https://huggingface.co/gpt2/resolve/main/config.json "HTTP/1.1 200 OK"
1: [default3]:INFO:httpx:HTTP Request: HEAD https://huggingface.co/gpt2/resolve/main/config.json "HTTP/1.1 200 OK"
1: [default0]:INFO:httpx:HTTP Request: HEAD https://huggingface.co/gpt2/resolve/main/config.json "HTTP/1.1 200 OK"
1: [default1]:INFO:httpx:HTTP Request: HEAD https://huggingface.co/gpt2/resolve/main/config.json "HTTP/1.1 200 OK"
1: [default2]:INFO:httpx:HTTP Request: HEAD https://huggingface.co/gpt2/resolve/main/config.json "HTTP/1.1 200 OK"
2: [default0]:INFO:httpx:HTTP Request: HEAD https://huggingface.co/gpt2/resolve/main/config.json "HTTP/1.1 200 OK"
0: [default3]:INFO:httpx:HTTP Request: HEAD https://huggingface.co/gpt2/resolve/main/tokenizer_config.json "HTTP/1.1 200 OK"
0: [default1]:INFO:httpx:HTTP Request: HEAD https://huggingface.co/gpt2/resolve/main/tokenizer_config.json "HTTP/1.1 200 OK"
0: [default2]:INFO:httpx:HTTP Request: HEAD https://huggingface.co/gpt2/resolve/main/tokenizer_config.json "HTTP/1.1 200 OK"
0: [default0]:INFO:httpx:HTTP Request: HEAD https://huggingface.co/gpt2/resolve/main/tokenizer_config.json "HTTP/1.1 200 OK"
3: [default1]:INFO:httpx:HTTP Request: HEAD https://huggingface.co/gpt2/resolve/main/tokenizer_config.json "HTTP/1.1 200 OK"
3: [default2]:INFO:httpx:HTTP Request: HEAD https://huggingface.co/gpt2/resolve/main/tokenizer_config.json "HTTP/1.1 200 OK"
3: [default0]:INFO:httpx:HTTP Request: HEAD https://huggingface.co/gpt2/resolve/main/tokenizer_config.json "HTTP/1.1 200 OK"
3: [default3]:INFO:httpx:HTTP Request: HEAD https://huggingface.co/gpt2/resolve/main/tokenizer_config.json "HTTP/1.1 200 OK"
1: [default3]:INFO:httpx:HTTP Request: HEAD https://huggingface.co/gpt2/resolve/main/tokenizer_config.json "HTTP/1.1 200 OK"
1: [default0]:INFO:httpx:HTTP Request: HEAD https://huggingface.co/gpt2/resolve/main/tokenizer_config.json "HTTP/1.1 200 OK"
1: [default1]:INFO:httpx:HTTP Request: HEAD https://huggingface.co/gpt2/resolve/main/tokenizer_config.json "HTTP/1.1 200 OK"
1: [default2]:INFO:httpx:HTTP Request: HEAD https://huggingface.co/gpt2/resolve/main/tokenizer_config.json "HTTP/1.1 200 OK"
2: [default2]:INFO:httpx:HTTP Request: HEAD https://huggingface.co/gpt2/resolve/main/tokenizer_config.json "HTTP/1.1 200 OK"
2: [default0]:INFO:httpx:HTTP Request: HEAD https://huggingface.co/gpt2/resolve/main/tokenizer_config.json "HTTP/1.1 200 OK"
2: [default1]:INFO:httpx:HTTP Request: HEAD https://huggingface.co/gpt2/resolve/main/tokenizer_config.json "HTTP/1.1 200 OK"
2: [default3]:INFO:httpx:HTTP Request: HEAD https://huggingface.co/gpt2/resolve/main/tokenizer_config.json "HTTP/1.1 200 OK"
0: [default3]:INFO:httpx:HTTP Request: GET https://huggingface.co/api/models/gpt2/tree/main/additional_chat_templates?recursive=false&expand=false "HTTP/1.1 307 Temporary Redirect"
0: [default1]:INFO:httpx:HTTP Request: GET https://huggingface.co/api/models/gpt2/tree/main/additional_chat_templates?recursive=false&expand=false "HTTP/1.1 307 Temporary Redirect"
0: [default2]:INFO:httpx:HTTP Request: GET https://huggingface.co/api/models/gpt2/tree/main/additional_chat_templates?recursive=false&expand=false "HTTP/1.1 307 Temporary Redirect"
0: [default0]:INFO:httpx:HTTP Request: GET https://huggingface.co/api/models/gpt2/tree/main/additional_chat_templates?recursive=false&expand=false "HTTP/1.1 307 Temporary Redirect"
3: [default1]:INFO:httpx:HTTP Request: GET https://huggingface.co/api/models/gpt2/tree/main/additional_chat_templates?recursive=false&expand=false "HTTP/1.1 307 Temporary Redirect"
3: [default0]:INFO:httpx:HTTP Request: GET https://huggingface.co/api/models/gpt2/tree/main/additional_chat_templates?recursive=false&expand=false "HTTP/1.1 307 Temporary Redirect"
3: [default3]:INFO:httpx:HTTP Request: GET https://huggingface.co/api/models/gpt2/tree/main/additional_chat_templates?recursive=false&expand=false "HTTP/1.1 307 Temporary Redirect"
1: [default3]:INFO:httpx:HTTP Request: GET https://huggingface.co/api/models/gpt2/tree/main/additional_chat_templates?recursive=false&expand=false "HTTP/1.1 307 Temporary Redirect"
1: [default0]:INFO:httpx:HTTP Request: GET https://huggingface.co/api/models/gpt2/tree/main/additional_chat_templates?recursive=false&expand=false "HTTP/1.1 307 Temporary Redirect"
1: [default1]:INFO:httpx:HTTP Request: GET https://huggingface.co/api/models/gpt2/tree/main/additional_chat_templates?recursive=false&expand=false "HTTP/1.1 307 Temporary Redirect"
1: [default2]:INFO:httpx:HTTP Request: GET https://huggingface.co/api/models/gpt2/tree/main/additional_chat_templates?recursive=false&expand=false "HTTP/1.1 307 Temporary Redirect"
2: [default2]:INFO:httpx:HTTP Request: GET https://huggingface.co/api/models/gpt2/tree/main/additional_chat_templates?recursive=false&expand=false "HTTP/1.1 307 Temporary Redirect"
2: [default0]:INFO:httpx:HTTP Request: GET https://huggingface.co/api/models/gpt2/tree/main/additional_chat_templates?recursive=false&expand=false "HTTP/1.1 307 Temporary Redirect"
2: [default1]:INFO:httpx:HTTP Request: GET https://huggingface.co/api/models/gpt2/tree/main/additional_chat_templates?recursive=false&expand=false "HTTP/1.1 307 Temporary Redirect"
2: [default3]:INFO:httpx:HTTP Request: GET https://huggingface.co/api/models/gpt2/tree/main/additional_chat_templates?recursive=false&expand=false "HTTP/1.1 307 Temporary Redirect"
3: [default2]:INFO:httpx:HTTP Request: GET https://huggingface.co/api/models/gpt2/tree/main/additional_chat_templates?recursive=false&expand=false "HTTP/1.1 307 Temporary Redirect"
1: [default1]:INFO:httpx:HTTP Request: GET https://huggingface.co/api/models/openai-community/gpt2/tree/main/additional_chat_templates?recursive=false&expand=false "HTTP/1.1 404 Not Found"
2: [default2]:INFO:httpx:HTTP Request: GET https://huggingface.co/api/models/openai-community/gpt2/tree/main/additional_chat_templates?recursive=false&expand=false "HTTP/1.1 404 Not Found"
2: [default0]:INFO:httpx:HTTP Request: GET https://huggingface.co/api/models/openai-community/gpt2/tree/main/additional_chat_templates?recursive=false&expand=false "HTTP/1.1 404 Not Found"
2: [default1]:INFO:httpx:HTTP Request: GET https://huggingface.co/api/models/openai-community/gpt2/tree/main/additional_chat_templates?recursive=false&expand=false "HTTP/1.1 404 Not Found"
2: [default3]:INFO:httpx:HTTP Request: GET https://huggingface.co/api/models/openai-community/gpt2/tree/main/additional_chat_templates?recursive=false&expand=false "HTTP/1.1 404 Not Found"
0: [default3]:INFO:httpx:HTTP Request: GET https://huggingface.co/api/models/openai-community/gpt2/tree/main/additional_chat_templates?recursive=false&expand=false "HTTP/1.1 404 Not Found"
0: [default1]:INFO:httpx:HTTP Request: GET https://huggingface.co/api/models/openai-community/gpt2/tree/main/additional_chat_templates?recursive=false&expand=false "HTTP/1.1 404 Not Found"
0: [default2]:INFO:httpx:HTTP Request: GET https://huggingface.co/api/models/openai-community/gpt2/tree/main/additional_chat_templates?recursive=false&expand=false "HTTP/1.1 404 Not Found"
0: [default0]:INFO:httpx:HTTP Request: GET https://huggingface.co/api/models/openai-community/gpt2/tree/main/additional_chat_templates?recursive=false&expand=false "HTTP/1.1 404 Not Found"
3: [default1]:INFO:httpx:HTTP Request: GET https://huggingface.co/api/models/openai-community/gpt2/tree/main/additional_chat_templates?recursive=false&expand=false "HTTP/1.1 404 Not Found"
3: [default2]:INFO:httpx:HTTP Request: GET https://huggingface.co/api/models/openai-community/gpt2/tree/main/additional_chat_templates?recursive=false&expand=false "HTTP/1.1 404 Not Found"
3: [default0]:INFO:httpx:HTTP Request: GET https://huggingface.co/api/models/openai-community/gpt2/tree/main/additional_chat_templates?recursive=false&expand=false "HTTP/1.1 404 Not Found"
3: [default3]:INFO:httpx:HTTP Request: GET https://huggingface.co/api/models/openai-community/gpt2/tree/main/additional_chat_templates?recursive=false&expand=false "HTTP/1.1 404 Not Found"
1: [default0]:INFO:httpx:HTTP Request: GET https://huggingface.co/api/models/openai-community/gpt2/tree/main/additional_chat_templates?recursive=false&expand=false "HTTP/1.1 404 Not Found"
1: [default3]:INFO:httpx:HTTP Request: GET https://huggingface.co/api/models/openai-community/gpt2/tree/main/additional_chat_templates?recursive=false&expand=false "HTTP/1.1 404 Not Found"
1: [default2]:INFO:httpx:HTTP Request: GET https://huggingface.co/api/models/openai-community/gpt2/tree/main/additional_chat_templates?recursive=false&expand=false "HTTP/1.1 404 Not Found"
0: [default3]:INFO:httpx:HTTP Request: GET https://huggingface.co/api/models/gpt2/tree/main?recursive=true&expand=false "HTTP/1.1 307 Temporary Redirect"
0: [default1]:INFO:httpx:HTTP Request: GET https://huggingface.co/api/models/gpt2/tree/main?recursive=true&expand=false "HTTP/1.1 307 Temporary Redirect"
0: [default2]:INFO:httpx:HTTP Request: GET https://huggingface.co/api/models/gpt2/tree/main?recursive=true&expand=false "HTTP/1.1 307 Temporary Redirect"
0: [default0]:INFO:httpx:HTTP Request: GET https://huggingface.co/api/models/gpt2/tree/main?recursive=true&expand=false "HTTP/1.1 307 Temporary Redirect"
3: [default1]:INFO:httpx:HTTP Request: GET https://huggingface.co/api/models/gpt2/tree/main?recursive=true&expand=false "HTTP/1.1 307 Temporary Redirect"
3: [default2]:INFO:httpx:HTTP Request: GET https://huggingface.co/api/models/gpt2/tree/main?recursive=true&expand=false "HTTP/1.1 307 Temporary Redirect"
3: [default0]:INFO:httpx:HTTP Request: GET https://huggingface.co/api/models/gpt2/tree/main?recursive=true&expand=false "HTTP/1.1 307 Temporary Redirect"
3: [default3]:INFO:httpx:HTTP Request: GET https://huggingface.co/api/models/gpt2/tree/main?recursive=true&expand=false "HTTP/1.1 307 Temporary Redirect"
1: [default1]:INFO:httpx:HTTP Request: GET https://huggingface.co/api/models/gpt2/tree/main?recursive=true&expand=false "HTTP/1.1 307 Temporary Redirect"
1: [default3]:INFO:httpx:HTTP Request: GET https://huggingface.co/api/models/gpt2/tree/main?recursive=true&expand=false "HTTP/1.1 307 Temporary Redirect"
1: [default0]:INFO:httpx:HTTP Request: GET https://huggingface.co/api/models/gpt2/tree/main?recursive=true&expand=false "HTTP/1.1 307 Temporary Redirect"
1: [default2]:INFO:httpx:HTTP Request: GET https://huggingface.co/api/models/gpt2/tree/main?recursive=true&expand=false "HTTP/1.1 307 Temporary Redirect"
2: [default2]:INFO:httpx:HTTP Request: GET https://huggingface.co/api/models/gpt2/tree/main?recursive=true&expand=false "HTTP/1.1 307 Temporary Redirect"
2: [default0]:INFO:httpx:HTTP Request: GET https://huggingface.co/api/models/gpt2/tree/main?recursive=true&expand=false "HTTP/1.1 307 Temporary Redirect"
2: [default1]:INFO:httpx:HTTP Request: GET https://huggingface.co/api/models/gpt2/tree/main?recursive=true&expand=false "HTTP/1.1 307 Temporary Redirect"
2: [default3]:INFO:httpx:HTTP Request: GET https://huggingface.co/api/models/gpt2/tree/main?recursive=true&expand=false "HTTP/1.1 307 Temporary Redirect"
0: [default3]:INFO:httpx:HTTP Request: GET https://huggingface.co/api/models/openai-community/gpt2/tree/main?recursive=true&expand=false "HTTP/1.1 200 OK"
0: [default1]:INFO:httpx:HTTP Request: GET https://huggingface.co/api/models/openai-community/gpt2/tree/main?recursive=true&expand=false "HTTP/1.1 200 OK"
0: [default2]:INFO:httpx:HTTP Request: GET https://huggingface.co/api/models/openai-community/gpt2/tree/main?recursive=true&expand=false "HTTP/1.1 200 OK"
0: [default0]:INFO:httpx:HTTP Request: GET https://huggingface.co/api/models/openai-community/gpt2/tree/main?recursive=true&expand=false "HTTP/1.1 200 OK"
3: [default1]:INFO:httpx:HTTP Request: GET https://huggingface.co/api/models/openai-community/gpt2/tree/main?recursive=true&expand=false "HTTP/1.1 200 OK"
3: [default0]:INFO:httpx:HTTP Request: GET https://huggingface.co/api/models/openai-community/gpt2/tree/main?recursive=true&expand=false "HTTP/1.1 200 OK"
3: [default3]:INFO:httpx:HTTP Request: GET https://huggingface.co/api/models/openai-community/gpt2/tree/main?recursive=true&expand=false "HTTP/1.1 200 OK"
1: [default1]:INFO:httpx:HTTP Request: GET https://huggingface.co/api/models/openai-community/gpt2/tree/main?recursive=true&expand=false "HTTP/1.1 200 OK"
1: [default3]:INFO:httpx:HTTP Request: GET https://huggingface.co/api/models/openai-community/gpt2/tree/main?recursive=true&expand=false "HTTP/1.1 200 OK"
1: [default0]:INFO:httpx:HTTP Request: GET https://huggingface.co/api/models/openai-community/gpt2/tree/main?recursive=true&expand=false "HTTP/1.1 200 OK"
1: [default2]:INFO:httpx:HTTP Request: GET https://huggingface.co/api/models/openai-community/gpt2/tree/main?recursive=true&expand=false "HTTP/1.1 200 OK"
2: [default2]:INFO:httpx:HTTP Request: GET https://huggingface.co/api/models/openai-community/gpt2/tree/main?recursive=true&expand=false "HTTP/1.1 200 OK"
2: [default0]:INFO:httpx:HTTP Request: GET https://huggingface.co/api/models/openai-community/gpt2/tree/main?recursive=true&expand=false "HTTP/1.1 200 OK"
2: [default1]:INFO:httpx:HTTP Request: GET https://huggingface.co/api/models/openai-community/gpt2/tree/main?recursive=true&expand=false "HTTP/1.1 200 OK"
2: [default3]:INFO:httpx:HTTP Request: GET https://huggingface.co/api/models/openai-community/gpt2/tree/main?recursive=true&expand=false "HTTP/1.1 200 OK"
3: [default2]:INFO:httpx:HTTP Request: GET https://huggingface.co/api/models/openai-community/gpt2/tree/main?recursive=true&expand=false "HTTP/1.1 200 OK"
0: [default0]:INFO:megatron.core.tokenizers.text.libraries.huggingface_tokenizer:1 special tokens added, resize your model accordingly.
0: [default0]:INFO:megatron.core.datasets.blended_megatron_dataset_config:Let split_matrix = [(0, 0.99), (0.99, 1.0), None]
0: [default0]:> building train, validation, and test datasets for GPT ...
0: [default0]:INFO:megatron.core.datasets.blended_megatron_dataset_builder:Building GPTDataset splits with sizes=(25600, 1280, 1280) and config=GPTDatasetConfig(random_seed=42, sequence_length=4096, blend=(['/iopsstor/scratch/cscs/jmaillef/dataset/climbmix_small/climbmix_small'], None), blend_per_split=None, multiple_validation_sets=False, full_validation=False, split='99,1,0', split_matrix=[(0, 0.99), (0.99, 1.0), None], num_dataset_builder_threads=1, path_to_cache='/iopsstor/scratch/cscs/jmaillef/gipfelsturm/cache', mmap_bin_files=True, mock=False, tokenizer=<megatron.core.tokenizers.text.models.default_tokenizer.DefaultTokenizerText object at 0x400bd7dd5850>, mid_level_dataset_surplus=0.005
0: , allow_ambiguous_pad_tokens=False, fast_cache_load=False, defer_npy_index_mmap=False, reset_position_ids=False, reset_attention_mask=False, eod_mask_loss=False, create_attention_mask=True, drop_last_partial_validation_sequence=True, add_extra_token_to_sequence=True, object_storage_cache_path=None, data_parallel_size=16, sequence_parallel_size=0, dynamic_context_parallel=False, sequences_per_dataset=None, token_dtype_code=8, context_parallel_size=1, sft_mock_dataset_config_json=None)
0: [default0]:INFO:megatron.core.datasets.indexed_dataset:Load the _IndexReader from /iopsstor/scratch/cscs/jmaillef/dataset/climbmix_small/climbmix_small.idx
0: [default0]:INFO:megatron.core.datasets.indexed_dataset:	Extract the sequence lengths
0: [default0]:INFO:megatron.core.datasets.indexed_dataset:	Extract the sequence pointers
0: [default0]:INFO:megatron.core.datasets.indexed_dataset:	Extract the document indices
0: [default0]:INFO:megatron.core.datasets.indexed_dataset:> total number of sequences: 48965906
0: [default0]:INFO:megatron.core.
0: datasets.indexed_dataset:> total number of documents: 48965906
0: [default0]:INFO:megatron.core.datasets.gpt_dataset:Load the GPTDataset train indices
0: [default0]:INFO:megatron.core.datasets.gpt_dataset:	Load the document index from 7c8ae85e1b8ba210747226d4e116ba19-GPTDataset-train-document_index.npy
0: [default0]:INFO:megatron.core.datasets.gpt_dataset:	Load the sample index from 7c8ae85e1b8ba210747226d4e116ba19-GPTDataset-train-sample_index.npy
0: [default0]:INFO:megatron.core.datasets.gpt_dataset:	Load the shuffle index from 7c8ae85e1b8ba210747226d4e116ba19-GPTDataset-train-shuffle_index.npy
0: [default0]:INFO:megatron.core.datasets.gpt_dataset:> total number of samples: 8612827
0: [default0]:INFO:megatron.core.datasets.gpt_dataset:Load the GPTDataset valid indices
0: [default0]:INFO:megatron.core.datasets.gpt_dataset:	Load the document index from d9f41f986ecce32149d01a6ab56b8b38-GPTDataset-valid-document_index.npy
0: [default0]:INFO:megatron.core.datasets.gpt_dataset:	Load the sample index from d9f41f986ecce32149d01a6ab56b8b38-GPTDataset-valid-sample_index.npy
0: [default0]:INFO:megatron.core.datasets.gpt_dataset:	Load the shuffle index from d9f41f986ecce32149d01a6ab56b8b38-GPTDataset-valid-shuffle_index.npy
0: [default0]:INFO:megatron.core.datasets.gpt_dataset:> total number of samples: 61644
0: [default0]:> finished creating GPT datasets ...
0: [default0]:[after dataloaders are built] datetime: 2026-05-09 16:47:07.729360 
0: [default0]:done with setup ...
0: [default0]:training ...
0: [default0]:Overwriting rerun_state_machine.current_iteration from -1 to 0...
0: [default0]:[before the start of training step] datetime: 2026-05-09 16:47:07.747153 
3: [default3]:INFO:megatron.core.timers:(min, max) time across ranks (ms):
3: [default3]:    model-and-optimizer-setup ......................: (1148.17, 1148.70)
3: [default3]:    train/valid/test-data-iterators-setup ..........: (1297.93, 1430.42)
0: [default0]:Number of parameters in transformer block in billions:  0.59
0: [default0]:Number of active parameters in transformer block in billions:  0.59
0: [default0]:Number of parameters in embedding layers in billions: 0.15
0: [default0]:Total number of parameters in billions: 0.75
0: [default0]:Total number of active parameters in billions: 0.75
0: [default0]:Number of parameters in most loaded shard in billions: 0.7492
0: [default0]:compute_activation_memory_without_sp
0: [default0]:Activation memory footprint per transformer layer (precise, without SP): 816.0 MB
0: [default0]:Theoretical memory footprints: weight and optimizer=4822.52 MB, activation=22289.53 MB, total=27112.05 MB
0: [default0]:
0: [default0]:[Rank 0] (after 1 iterations) memory (MB) | allocated: 6272.91 | max allocated: 28059.74 | reserved: 31170.00 | max reserved: 31170.00
3: [default3]: [2026-05-09 16:47:16.961152] iteration        1/     100 | consumed samples:          256 | elapsed time per iteration (ms): 9216.1 | throughput per GPU (TFLOP/s/GPU): 35.1 | tokens/sec/GPU: 7111 | learning rate: 6.000000E-06 | global batch size:   256 | lm loss: 1.111873E+01 | loss scale: 1.0 | grad norm: 15.843 | number of skipped iterations:   0 | number of nan iterations:   0 |
0: [default0]:Number of parameters in transformer block in billions:  0.59
0: [default0]:Number of active parameters in transformer block in billions:  0.59
0: [default0]:Number of parameters in embedding layers in billions: 0.15
0: [default0]:Total number of parameters in billions: 0.75
0: [default0]:Total number of active parameters in billions: 0.75
0: [default0]:Number of parameters in most loaded shard in billions: 0.7492
0: [default0]:compute_activation_memory_without_sp
0: [default0]:Activation memory footprint per transformer layer (precise, without SP): 816.0 MB
0: [default0]:Theoretical memory footprints: weight and optimizer=4822.52 MB, activation=22289.53 MB, total=27112.05 MB
0: [default0]:
0: [default0]:[Rank 0] (after 2 iterations) memory (MB) | allocated: 6272.91 | max allocated: 28421.82 | reserved: 31170.00 | max reserved: 31170.00
3: [default3]: [2026-05-09 16:47:17.859984] iteration        2/     100 | consumed samples:          512 | elapsed time per iteration (ms): 5057.4 | throughput per GPU (TFLOP/s/GPU): 64.0 | tokens/sec/GPU: 12958 | learning rate: 1.200000E-05 | global batch size:   256 | lm loss: 1.111908E+01 | loss scale: 1.0 | grad norm: 14.783 | number of skipped iterations:   0 | number of nan iterations:   0 |
3: [default3]: [2026-05-09 16:47:18.764151] iteration        3/     100 | consumed samples:          768 | elapsed time per iteration (ms): 904.0 | throughput per GPU (TFLOP/s/GPU): 357.9 | tokens/sec/GPU: 72495 | learning rate: 1.800000E-05 | global batch size:   256 | lm loss: 1.080853E+01 | loss scale: 1.0 | grad norm: 14.293 | number of skipped iterations:   0 | number of nan iterations:   0 |
3: [default3]: [2026-05-09 16:47:19.656130] iteration        4/     100 | consumed samples:         1024 | elapsed time per iteration (ms): 891.8 | throughput per GPU (TFLOP/s/GPU): 362.8 | tokens/sec/GPU: 73490 | learning rate: 2.400000E-05 | global batch size:   256 | lm loss: 9.982759E+00 | loss scale: 1.0 | grad norm: 15.748 | number of skipped iterations:   0 | number of nan iterations:   0 |
3: [default3]: [2026-05-09 16:47:21.786692] iteration        5/     100 | consumed samples:         1280 | elapsed time per iteration (ms): 2130.4 | throughput per GPU (TFLOP/s/GPU): 151.9 | tokens/sec/GPU: 30762 | learning rate: 3.000000E-05 | global batch size:   256 | lm loss: 9.503296E+00 | loss scale: 1.0 | grad norm: 13.353 | number of skipped iterations:   0 | number of nan iterations:   0 |
3: [default3]: [2026-05-09 16:47:22.684195] iteration        6/     100 | consumed samples:         1536 | elapsed time per iteration (ms): 897.3 | throughput per GPU (TFLOP/s/GPU): 360.6 | tokens/sec/GPU: 73036 | learning rate: 3.600000E-05 | global batch size:   256 | lm loss: 9.417636E+00 | loss scale: 1.0 | grad norm: 26.203 | number of skipped iterations:   0 | number of nan iterations:   0 |
3: [default3]: [2026-05-09 16:47:23.582710] iteration        7/     100 | consumed samples:         1792 | elapsed time per iteration (ms): 898.4 | throughput per GPU (TFLOP/s/GPU): 360.1 | tokens/sec/GPU: 72950 | learning rate: 4.200000E-05 | global batch size:   256 | lm loss: 9.426072E+00 | loss scale: 1.0 | grad norm: 9.035 | number of skipped iterations:   0 | number of nan iterations:   0 |
3: [default3]: [2026-05-09 16:47:24.484616] iteration        8/     100 | consumed samples:         2048 | elapsed time per iteration (ms): 901.7 | throughput per GPU (TFLOP/s/GPU): 358.8 | tokens/sec/GPU: 72678 | learning rate: 4.800000E-05 | global batch size:   256 | lm loss: 9.133887E+00 | loss scale: 1.0 | grad norm: 5.554 | number of skipped iterations:   0 | number of nan iterations:   0 |
3: [default3]: [2026-05-09 16:47:25.381795] iteration        9/     100 | consumed samples:         2304 | elapsed time per iteration (ms): 897.0 | throughput per GPU (TFLOP/s/GPU): 360.7 | tokens/sec/GPU: 73063 | learning rate: 5.400000E-05 | global batch size:   256 | lm loss: 9.064762E+00 | loss scale: 1.0 | grad norm: 7.891 | number of skipped iterations:   0 | number of nan iterations:   0 |
3: [default3]: [2026-05-09 16:47:26.281345] iteration       10/     100 | consumed samples:         2560 | elapsed time per iteration (ms): 899.4 | throughput per GPU (TFLOP/s/GPU): 359.7 | tokens/sec/GPU: 72868 | learning rate: 6.000000E-05 | global batch size:   256 | lm loss: 8.914988E+00 | loss scale: 1.0 | grad norm: 8.124 | number of skipped iterations:   0 | number of nan iterations:   0 |
3: [default3]: [2026-05-09 16:47:27.182742] iteration       11/     100 | consumed samples:         2816 | elapsed time per iteration (ms): 901.2 | throughput per GPU (TFLOP/s/GPU): 359.0 | tokens/sec/GPU: 72720 | learning rate: 6.600000E-05 | global batch size:   256 | lm loss: 8.801152E+00 | loss scale: 1.0 | grad norm: 4.216 | number of skipped iterations:   0 | number of nan iterations:   0 |
3: [default3]: [2026-05-09 16:47:28.083748] iteration       12/     100 | consumed samples:         3072 | elapsed time per iteration (ms): 900.9 | throughput per GPU (TFLOP/s/GPU): 359.1 | tokens/sec/GPU: 72749 | learning rate: 7.200000E-05 | global batch size:   256 | lm loss: 8.757383E+00 | loss scale: 1.0 | grad norm: 4.270 | number of skipped iterations:   0 | number of nan iterations:   0 |
3: [default3]: [2026-05-09 16:47:28.982290] iteration       13/     100 | consumed samples:         3328 | elapsed time per iteration (ms): 898.4 | throughput per GPU (TFLOP/s/GPU): 360.1 | tokens/sec/GPU: 72950 | learning rate: 7.800000E-05 | global batch size:   256 | lm loss: 8.592188E+00 | loss scale: 1.0 | grad norm: 2.412 | number of skipped iterations:   0 | number of nan iterations:   0 |
3: [default3]: [2026-05-09 16:47:29.889936] iteration       14/     100 | consumed samples:         3584 | elapsed time per iteration (ms): 907.5 | throughput per GPU (TFLOP/s/GPU): 356.5 | tokens/sec/GPU: 72217 | learning rate: 8.400000E-05 | global batch size:   256 | lm loss: 8.523414E+00 | loss scale: 1.0 | grad norm: 3.323 | number of skipped iterations:   0 | number of nan iterations:   0 |
3: [default3]: [2026-05-09 16:47:30.788606] iteration       15/     100 | consumed samples:         3840 | elapsed time per iteration (ms): 898.5 | throughput per GPU (TFLOP/s/GPU): 360.1 | tokens/sec/GPU: 72941 | learning rate: 9.000000E-05 | global batch size:   256 | lm loss: 8.381741E+00 | loss scale: 1.0 | grad norm: 3.158 | number of skipped iterations:   0 | number of nan iterations:   0 |
3: [default3]: [2026-05-09 16:47:31.688669] iteration       16/     100 | consumed samples:         4096 | elapsed time per iteration (ms): 899.9 | throughput per GPU (TFLOP/s/GPU): 359.5 | tokens/sec/GPU: 72824 | learning rate: 9.600000E-05 | global batch size:   256 | lm loss: 8.260409E+00 | loss scale: 1.0 | grad norm: 3.615 | number of skipped iterations:   0 | number of nan iterations:   0 |
3: [default3]: [2026-05-09 16:47:32.591681] iteration       17/     100 | consumed samples:         4352 | elapsed time per iteration (ms): 902.9 | throughput per GPU (TFLOP/s/GPU): 358.4 | tokens/sec/GPU: 72587 | learning rate: 1.020000E-04 | global batch size:   256 | lm loss: 8.136761E+00 | loss scale: 1.0 | grad norm: 2.240 | number of skipped iterations:   0 | number of nan iterations:   0 |
3: [default3]: [2026-05-09 16:47:33.496000] iteration       18/     100 | consumed samples:         4608 | elapsed time per iteration (ms): 904.2 | throughput per GPU (TFLOP/s/GPU): 357.8 | tokens/sec/GPU: 72482 | learning rate: 1.080000E-04 | global batch size:   256 | lm loss: 8.075958E+00 | loss scale: 1.0 | grad norm: 1.828 | number of skipped iterations:   0 | number of nan iterations:   0 |
3: [default3]: [2026-05-09 16:47:34.396840] iteration       19/     100 | consumed samples:         4864 | elapsed time per iteration (ms): 900.7 | throughput per GPU (TFLOP/s/GPU): 359.2 | tokens/sec/GPU: 72763 | learning rate: 1.140000E-04 | global batch size:   256 | lm loss: 7.902880E+00 | loss scale: 1.0 | grad norm: 11.950 | number of skipped iterations:   0 | number of nan iterations:   0 |
3: [default3]: [2026-05-09 16:47:35.302755] iteration       20/     100 | consumed samples:         5120 | elapsed time per iteration (ms): 905.8 | throughput per GPU (TFLOP/s/GPU): 357.2 | tokens/sec/GPU: 72355 | learning rate: 1.200000E-04 | global batch size:   256 | lm loss: 7.875867E+00 | loss scale: 1.0 | grad norm: 4.466 | number of skipped iterations:   0 | number of nan iterations:   0 |
3: [default3]: [2026-05-09 16:47:36.205628] iteration       21/     100 | consumed samples:         5376 | elapsed time per iteration (ms): 902.7 | throughput per GPU (TFLOP/s/GPU): 358.4 | tokens/sec/GPU: 72599 | learning rate: 1.260000E-04 | global batch size:   256 | lm loss: 8.394146E+00 | loss scale: 1.0 | grad norm: 65.000 | number of skipped iterations:   0 | number of nan iterations:   0 |
3: [default3]: [2026-05-09 16:47:37.111822] iteration       22/     100 | consumed samples:         5632 | elapsed time per iteration (ms): 906.0 | throughput per GPU (TFLOP/s/GPU): 357.1 | tokens/sec/GPU: 72337 | learning rate: 1.320000E-04 | global batch size:   256 | lm loss: 7.705669E+00 | loss scale: 1.0 | grad norm: 2.953 | number of skipped iterations:   0 | number of nan iterations:   0 |
3: [default3]: [2026-05-09 16:47:38.005923] iteration       23/     100 | consumed samples:         5888 | elapsed time per iteration (ms): 893.9 | throughput per GPU (TFLOP/s/GPU): 361.9 | tokens/sec/GPU: 73311 | learning rate: 1.380000E-04 | global batch size:   256 | lm loss: 7.518657E+00 | loss scale: 1.0 | grad norm: 2.762 | number of skipped iterations:   0 | number of nan iterations:   0 |
3: [default3]: [2026-05-09 16:47:38.909399] iteration       24/     100 | consumed samples:         6144 | elapsed time per iteration (ms): 903.3 | throughput per GPU (TFLOP/s/GPU): 358.2 | tokens/sec/GPU: 72551 | learning rate: 1.440000E-04 | global batch size:   256 | lm loss: 7.500975E+00 | loss scale: 1.0 | grad norm: 4.212 | number of skipped iterations:   0 | number of nan iterations:   0 |
3: [default3]: [2026-05-09 16:47:39.809401] iteration       25/     100 | consumed samples:         6400 | elapsed time per iteration (ms): 899.8 | throughput per GPU (TFLOP/s/GPU): 359.6 | tokens/sec/GPU: 72832 | learning rate: 1.500000E-04 | global batch size:   256 | lm loss: 7.522833E+00 | loss scale: 1.0 | grad norm: 2.272 | number of skipped iterations:   0 | number of nan iterations:   0 |
3: [default3]: [2026-05-09 16:47:40.711726] iteration       26/     100 | consumed samples:         6656 | elapsed time per iteration (ms): 902.2 | throughput per GPU (TFLOP/s/GPU): 358.6 | tokens/sec/GPU: 72642 | learning rate: 1.560000E-04 | global batch size:   256 | lm loss: 7.345351E+00 | loss scale: 1.0 | grad norm: 1.342 | number of skipped iterations:   0 | number of nan iterations:   0 |
3: [default3]: [2026-05-09 16:47:41.616110] iteration       27/     100 | consumed samples:         6912 | elapsed time per iteration (ms): 904.2 | throughput per GPU (TFLOP/s/GPU): 357.8 | tokens/sec/GPU: 72479 | learning rate: 1.620000E-04 | global batch size:   256 | lm loss: 7.160309E+00 | loss scale: 1.0 | grad norm: 1.504 | number of skipped iterations:   0 | number of nan iterations:   0 |
3: [default3]: [2026-05-09 16:47:42.517098] iteration       28/     100 | consumed samples:         7168 | elapsed time per iteration (ms): 900.8 | throughput per GPU (TFLOP/s/GPU): 359.2 | tokens/sec/GPU: 72751 | learning rate: 1.680000E-04 | global batch size:   256 | lm loss: 7.155863E+00 | loss scale: 1.0 | grad norm: 2.715 | number of skipped iterations:   0 | number of nan iterations:   0 |
3: [default3]: [2026-05-09 16:47:43.422463] iteration       29/     100 | consumed samples:         7424 | elapsed time per iteration (ms): 905.2 | throughput per GPU (TFLOP/s/GPU): 357.4 | tokens/sec/GPU: 72399 | learning rate: 1.740000E-04 | global batch size:   256 | lm loss: 7.186368E+00 | loss scale: 1.0 | grad norm: 3.806 | number of skipped iterations:   0 | number of nan iterations:   0 |
3: [default3]: [2026-05-09 16:47:44.340189] iteration       30/     100 | consumed samples:         7680 | elapsed time per iteration (ms): 917.6 | throughput per GPU (TFLOP/s/GPU): 352.6 | tokens/sec/GPU: 71423 | learning rate: 1.800000E-04 | global batch size:   256 | lm loss: 7.158792E+00 | loss scale: 1.0 | grad norm: 2.673 | number of skipped iterations:   0 | number of nan iterations:   0 |
3: [default3]: [2026-05-09 16:47:45.243510] iteration       31/     100 | consumed samples:         7936 | elapsed time per iteration (ms): 903.2 | throughput per GPU (TFLOP/s/GPU): 358.2 | tokens/sec/GPU: 72563 | learning rate: 1.860000E-04 | global batch size:   256 | lm loss: 7.024046E+00 | loss scale: 1.0 | grad norm: 2.204 | number of skipped iterations:   0 | number of nan iterations:   0 |
3: [default3]: [2026-05-09 16:47:46.151474] iteration       32/     100 | consumed samples:         8192 | elapsed time per iteration (ms): 907.8 | throughput per GPU (TFLOP/s/GPU): 356.4 | tokens/sec/GPU: 72192 | learning rate: 1.920000E-04 | global batch size:   256 | lm loss: 6.912669E+00 | loss scale: 1.0 | grad norm: 2.916 | number of skipped iterations:   0 | number of nan iterations:   0 |
3: [default3]: [2026-05-09 16:47:47.061341] iteration       33/     100 | consumed samples:         8448 | elapsed time per iteration (ms): 909.7 | throughput per GPU (TFLOP/s/GPU): 355.7 | tokens/sec/GPU: 72041 | learning rate: 1.980000E-04 | global batch size:   256 | lm loss: 7.008017E+00 | loss scale: 1.0 | grad norm: 1.737 | number of skipped iterations:   0 | number of nan iterations:   0 |
3: [default3]: [2026-05-09 16:47:47.968091] iteration       34/     100 | consumed samples:         8704 | elapsed time per iteration (ms): 906.6 | throughput per GPU (TFLOP/s/GPU): 356.9 | tokens/sec/GPU: 72288 | learning rate: 2.040000E-04 | global batch size:   256 | lm loss: 6.929791E+00 | loss scale: 1.0 | grad norm: 1.940 | number of skipped iterations:   0 | number of nan iterations:   0 |
3: [default3]: [2026-05-09 16:47:48.878552] iteration       35/     100 | consumed samples:         8960 | elapsed time per iteration (ms): 910.3 | throughput per GPU (TFLOP/s/GPU): 355.4 | tokens/sec/GPU: 71995 | learning rate: 2.100000E-04 | global batch size:   256 | lm loss: 6.861216E+00 | loss scale: 1.0 | grad norm: 1.680 | number of skipped iterations:   0 | number of nan iterations:   0 |
3: [default3]: [2026-05-09 16:47:49.776258] iteration       36/     100 | consumed samples:         9216 | elapsed time per iteration (ms): 897.5 | throughput per GPU (TFLOP/s/GPU): 360.5 | tokens/sec/GPU: 73017 | learning rate: 2.160000E-04 | global batch size:   256 | lm loss: 6.786426E+00 | loss scale: 1.0 | grad norm: 2.197 | number of skipped iterations:   0 | number of nan iterations:   0 |
3: [default3]: [2026-05-09 16:47:50.672663] iteration       37/     100 | consumed samples:         9472 | elapsed time per iteration (ms): 896.2 | throughput per GPU (TFLOP/s/GPU): 361.0 | tokens/sec/GPU: 73123 | learning rate: 2.220000E-04 | global batch size:   256 | lm loss: 6.844121E+00 | loss scale: 1.0 | grad norm: 2.556 | number of skipped iterations:   0 | number of nan iterations:   0 |
3: [default3]: [2026-05-09 16:47:51.575298] iteration       38/     100 | consumed samples:         9728 | elapsed time per iteration (ms): 902.5 | throughput per GPU (TFLOP/s/GPU): 358.5 | tokens/sec/GPU: 72619 | learning rate: 2.280000E-04 | global batch size:   256 | lm loss: 6.729228E+00 | loss scale: 1.0 | grad norm: 1.534 | number of skipped iterations:   0 | number of nan iterations:   0 |
3: [default3]: [2026-05-09 16:47:52.483953] iteration       39/     100 | consumed samples:         9984 | elapsed time per iteration (ms): 908.5 | throughput per GPU (TFLOP/s/GPU): 356.1 | tokens/sec/GPU: 72138 | learning rate: 2.340000E-04 | global batch size:   256 | lm loss: 6.730335E+00 | loss scale: 1.0 | grad norm: 1.259 | number of skipped iterations:   0 | number of nan iterations:   0 |
3: [default3]: [2026-05-09 16:47:53.393234] iteration       40/     100 | consumed samples:        10240 | elapsed time per iteration (ms): 909.1 | throughput per GPU (TFLOP/s/GPU): 355.9 | tokens/sec/GPU: 72087 | learning rate: 2.400000E-04 | global batch size:   256 | lm loss: 6.698744E+00 | loss scale: 1.0 | grad norm: 1.268 | number of skipped iterations:   0 | number of nan iterations:   0 |
3: [default3]: [2026-05-09 16:47:54.303622] iteration       41/     100 | consumed samples:        10496 | elapsed time per iteration (ms): 910.2 | throughput per GPU (TFLOP/s/GPU): 355.5 | tokens/sec/GPU: 72000 | learning rate: 2.460000E-04 | global batch size:   256 | lm loss: 6.528205E+00 | loss scale: 1.0 | grad norm: 1.426 | number of skipped iterations:   0 | number of nan iterations:   0 |
3: [default3]: [2026-05-09 16:47:55.213075] iteration       42/     100 | consumed samples:        10752 | elapsed time per iteration (ms): 909.3 | throughput per GPU (TFLOP/s/GPU): 355.8 | tokens/sec/GPU: 72074 | learning rate: 2.520000E-04 | global batch size:   256 | lm loss: 6.487763E+00 | loss scale: 1.0 | grad norm: 1.052 | number of skipped iterations:   0 | number of nan iterations:   0 |
3: [default3]: [2026-05-09 16:47:56.123298] iteration       43/     100 | consumed samples:        11008 | elapsed time per iteration (ms): 910.1 | throughput per GPU (TFLOP/s/GPU): 355.5 | tokens/sec/GPU: 72013 | learning rate: 2.580000E-04 | global batch size:   256 | lm loss: 6.536156E+00 | loss scale: 1.0 | grad norm: 1.742 | number of skipped iterations:   0 | number of nan iterations:   0 |
3: [default3]: [2026-05-09 16:47:57.030352] iteration       44/     100 | consumed samples:        11264 | elapsed time per iteration (ms): 906.9 | throughput per GPU (TFLOP/s/GPU): 356.8 | tokens/sec/GPU: 72264 | learning rate: 2.640000E-04 | global batch size:   256 | lm loss: 6.329268E+00 | loss scale: 1.0 | grad norm: 0.875 | number of skipped iterations:   0 | number of nan iterations:   0 |
3: [default3]: [2026-05-09 16:47:57.937078] iteration       45/     100 | consumed samples:        11520 | elapsed time per iteration (ms): 906.6 | throughput per GPU (TFLOP/s/GPU): 356.9 | tokens/sec/GPU: 72290 | learning rate: 2.700000E-04 | global batch size:   256 | lm loss: 6.419210E+00 | loss scale: 1.0 | grad norm: 2.479 | number of skipped iterations:   0 | number of nan iterations:   0 |
3: [default3]: [2026-05-09 16:47:58.843776] iteration       46/     100 | consumed samples:        11776 | elapsed time per iteration (ms): 906.5 | throughput per GPU (TFLOP/s/GPU): 356.9 | tokens/sec/GPU: 72293 | learning rate: 2.760000E-04 | global batch size:   256 | lm loss: 6.390037E+00 | loss scale: 1.0 | grad norm: 1.517 | number of skipped iterations:   0 | number of nan iterations:   0 |
3: [default3]: [2026-05-09 16:47:59.752016] iteration       47/     100 | consumed samples:        12032 | elapsed time per iteration (ms): 908.1 | throughput per GPU (TFLOP/s/GPU): 356.3 | tokens/sec/GPU: 72170 | learning rate: 2.820000E-04 | global batch size:   256 | lm loss: 6.279602E+00 | loss scale: 1.0 | grad norm: 1.884 | number of skipped iterations:   0 | number of nan iterations:   0 |
3: [default3]: [2026-05-09 16:48:00.658356] iteration       48/     100 | consumed samples:        12288 | elapsed time per iteration (ms): 906.2 | throughput per GPU (TFLOP/s/GPU): 357.0 | tokens/sec/GPU: 72320 | learning rate: 2.880000E-04 | global batch size:   256 | lm loss: 6.319204E+00 | loss scale: 1.0 | grad norm: 1.250 | number of skipped iterations:   0 | number of nan iterations:   0 |
3: [default3]: [2026-05-09 16:48:01.564551] iteration       49/     100 | consumed samples:        12544 | elapsed time per iteration (ms): 906.0 | throughput per GPU (TFLOP/s/GPU): 357.1 | tokens/sec/GPU: 72332 | learning rate: 2.940000E-04 | global batch size:   256 | lm loss: 6.222751E+00 | loss scale: 1.0 | grad norm: 2.079 | number of skipped iterations:   0 | number of nan iterations:   0 |
3: [default3]: [2026-05-09 16:48:02.470335] iteration       50/     100 | consumed samples:        12800 | elapsed time per iteration (ms): 905.6 | throughput per GPU (TFLOP/s/GPU): 357.3 | tokens/sec/GPU: 72365 | learning rate: 3.000000E-04 | global batch size:   256 | lm loss: 6.166108E+00 | loss scale: 1.0 | grad norm: 1.402 | number of skipped iterations:   0 | number of nan iterations:   0 |
3: [default3]: [2026-05-09 16:48:03.394173] iteration       51/     100 | consumed samples:        13056 | elapsed time per iteration (ms): 923.7 | throughput per GPU (TFLOP/s/GPU): 350.3 | tokens/sec/GPU: 70953 | learning rate: 2.997336E-04 | global batch size:   256 | lm loss: 6.091369E+00 | loss scale: 1.0 | grad norm: 1.463 | number of skipped iterations:   0 | number of nan iterations:   0 |
3: [default3]: [2026-05-09 16:48:04.297908] iteration       52/     100 | consumed samples:        13312 | elapsed time per iteration (ms): 903.6 | throughput per GPU (TFLOP/s/GPU): 358.1 | tokens/sec/GPU: 72530 | learning rate: 2.989355E-04 | global batch size:   256 | lm loss: 6.163449E+00 | loss scale: 1.0 | grad norm: 1.430 | number of skipped iterations:   0 | number of nan iterations:   0 |
3: [default3]: [2026-05-09 16:48:05.203713] iteration       53/     100 | consumed samples:        13568 | elapsed time per iteration (ms): 905.6 | throughput per GPU (TFLOP/s/GPU): 357.3 | tokens/sec/GPU: 72364 | learning rate: 2.976088E-04 | global batch size:   256 | lm loss: 6.161942E+00 | loss scale: 1.0 | grad norm: 1.455 | number of skipped iterations:   0 | number of nan iterations:   0 |
3: [default3]: [2026-05-09 16:48:06.108104] iteration       54/     100 | consumed samples:        13824 | elapsed time per iteration (ms): 904.2 | throughput per GPU (TFLOP/s/GPU): 357.8 | tokens/sec/GPU: 72478 | learning rate: 2.957587E-04 | global batch size:   256 | lm loss: 6.109129E+00 | loss scale: 1.0 | grad norm: 1.412 | number of skipped iterations:   0 | number of nan iterations:   0 |
3: [default3]: [2026-05-09 16:48:07.014747] iteration       55/     100 | consumed samples:        14080 | elapsed time per iteration (ms): 906.5 | throughput per GPU (TFLOP/s/GPU): 356.9 | tokens/sec/GPU: 72297 | learning rate: 2.933926E-04 | global batch size:   256 | lm loss: 6.124022E+00 | loss scale: 1.0 | grad norm: 1.920 | number of skipped iterations:   0 | number of nan iterations:   0 |
3: [default3]: [2026-05-09 16:48:07.919243] iteration       56/     100 | consumed samples:        14336 | elapsed time per iteration (ms): 904.3 | throughput per GPU (TFLOP/s/GPU): 357.8 | tokens/sec/GPU: 72468 | learning rate: 2.905198E-04 | global batch size:   256 | lm loss: 6.053278E+00 | loss scale: 1.0 | grad norm: 1.265 | number of skipped iterations:   0 | number of nan iterations:   0 |
3: [default3]: [2026-05-09 16:48:08.829912] iteration       57/     100 | consumed samples:        14592 | elapsed time per iteration (ms): 910.5 | throughput per GPU (TFLOP/s/GPU): 355.3 | tokens/sec/GPU: 71977 | learning rate: 2.871517E-04 | global batch size:   256 | lm loss: 6.017791E+00 | loss scale: 1.0 | grad norm: 0.819 | number of skipped iterations:   0 | number of nan iterations:   0 |
3: [default3]: [2026-05-09 16:48:09.745576] iteration       58/     100 | consumed samples:        14848 | elapsed time per iteration (ms): 915.5 | throughput per GPU (TFLOP/s/GPU): 353.4 | tokens/sec/GPU: 71585 | learning rate: 2.833014E-04 | global batch size:   256 | lm loss: 5.865050E+00 | loss scale: 1.0 | grad norm: 1.362 | number of skipped iterations:   0 | number of nan iterations:   0 |
3: [default3]: [2026-05-09 16:48:10.653890] iteration       59/     100 | consumed samples:        15104 | elapsed time per iteration (ms): 908.2 | throughput per GPU (TFLOP/s/GPU): 356.3 | tokens/sec/GPU: 72164 | learning rate: 2.789843E-04 | global batch size:   256 | lm loss: 5.884066E+00 | loss scale: 1.0 | grad norm: 1.090 | number of skipped iterations:   0 | number of nan iterations:   0 |
3: [default3]: [2026-05-09 16:48:11.566979] iteration       60/     100 | consumed samples:        15360 | elapsed time per iteration (ms): 912.9 | throughput per GPU (TFLOP/s/GPU): 354.4 | tokens/sec/GPU: 71786 | learning rate: 2.742173E-04 | global batch size:   256 | lm loss: 5.882427E+00 | loss scale: 1.0 | grad norm: 0.767 | number of skipped iterations:   0 | number of nan iterations:   0 |
3: [default3]: [2026-05-09 16:48:12.475314] iteration       61/     100 | consumed samples:        15616 | elapsed time per iteration (ms): 908.2 | throughput per GPU (TFLOP/s/GPU): 356.3 | tokens/sec/GPU: 72163 | learning rate: 2.690193E-04 | global batch size:   256 | lm loss: 5.799793E+00 | loss scale: 1.0 | grad norm: 1.037 | number of skipped iterations:   0 | number of nan iterations:   0 |
3: [default3]: [2026-05-09 16:48:13.387169] iteration       62/     100 | consumed samples:        15872 | elapsed time per iteration (ms): 911.7 | throughput per GPU (TFLOP/s/GPU): 354.9 | tokens/sec/GPU: 71884 | learning rate: 2.634108E-04 | global batch size:   256 | lm loss: 5.705161E+00 | loss scale: 1.0 | grad norm: 0.934 | number of skipped iterations:   0 | number of nan iterations:   0 |
3: [default3]: [2026-05-09 16:48:14.294514] iteration       63/     100 | consumed samples:        16128 | elapsed time per iteration (ms): 907.2 | throughput per GPU (TFLOP/s/GPU): 356.6 | tokens/sec/GPU: 72241 | learning rate: 2.574139E-04 | global batch size:   256 | lm loss: 5.783876E+00 | loss scale: 1.0 | grad norm: 0.941 | number of skipped iterations:   0 | number of nan iterations:   0 |
3: [default3]: [2026-05-09 16:48:15.198684] iteration       64/     100 | consumed samples:        16384 | elapsed time per iteration (ms): 904.0 | throughput per GPU (TFLOP/s/GPU): 357.9 | tokens/sec/GPU: 72494 | learning rate: 2.510522E-04 | global batch size:   256 | lm loss: 5.740799E+00 | loss scale: 1.0 | grad norm: 0.851 | number of skipped iterations:   0 | number of nan iterations:   0 |
3: [default3]: [2026-05-09 16:48:16.100518] iteration       65/     100 | consumed samples:        16640 | elapsed time per iteration (ms): 901.7 | throughput per GPU (TFLOP/s/GPU): 358.8 | tokens/sec/GPU: 72682 | learning rate: 2.443510E-04 | global batch size:   256 | lm loss: 5.713763E+00 | loss scale: 1.0 | grad norm: 0.686 | number of skipped iterations:   0 | number of nan iterations:   0 |
3: [default3]: [2026-05-09 16:48:17.013555] iteration       66/     100 | consumed samples:        16896 | elapsed time per iteration (ms): 912.9 | throughput per GPU (TFLOP/s/GPU): 354.4 | tokens/sec/GPU: 71791 | learning rate: 2.373366E-04 | global batch size:   256 | lm loss: 5.663679E+00 | loss scale: 1.0 | grad norm: 0.784 | number of skipped iterations:   0 | number of nan iterations:   0 |
3: [default3]: [2026-05-09 16:48:17.922058] iteration       67/     100 | consumed samples:        17152 | elapsed time per iteration (ms): 908.4 | throughput per GPU (TFLOP/s/GPU): 356.2 | tokens/sec/GPU: 72148 | learning rate: 2.300367E-04 | global batch size:   256 | lm loss: 5.698647E+00 | loss scale: 1.0 | grad norm: 0.706 | number of skipped iterations:   0 | number of nan iterations:   0 |
3: [default3]: [2026-05-09 16:48:18.830001] iteration       68/     100 | consumed samples:        17408 | elapsed time per iteration (ms): 907.8 | throughput per GPU (TFLOP/s/GPU): 356.4 | tokens/sec/GPU: 72192 | learning rate: 2.224802E-04 | global batch size:   256 | lm loss: 5.622742E+00 | loss scale: 1.0 | grad norm: 0.587 | number of skipped iterations:   0 | number of nan iterations:   0 |
3: [default3]: [2026-05-09 16:48:19.741224] iteration       69/     100 | consumed samples:        17664 | elapsed time per iteration (ms): 911.1 | throughput per GPU (TFLOP/s/GPU): 355.1 | tokens/sec/GPU: 71934 | learning rate: 2.146968E-04 | global batch size:   256 | lm loss: 5.566260E+00 | loss scale: 1.0 | grad norm: 0.616 | number of skipped iterations:   0 | number of nan iterations:   0 |
3: [default3]: [2026-05-09 16:48:20.653643] iteration       70/     100 | consumed samples:        17920 | elapsed time per iteration (ms): 912.3 | throughput per GPU (TFLOP/s/GPU): 354.7 | tokens/sec/GPU: 71839 | learning rate: 2.067173E-04 | global batch size:   256 | lm loss: 5.697317E+00 | loss scale: 1.0 | grad norm: 0.504 | number of skipped iterations:   0 | number of nan iterations:   0 |
3: [default3]: [2026-05-09 16:48:21.567220] iteration       71/     100 | consumed samples:        18176 | elapsed time per iteration (ms): 913.4 | throughput per GPU (TFLOP/s/GPU): 354.2 | tokens/sec/GPU: 71747 | learning rate: 1.985731E-04 | global batch size:   256 | lm loss: 5.500401E+00 | loss scale: 1.0 | grad norm: 0.519 | number of skipped iterations:   0 | number of nan iterations:   0 |
3: [default3]: [2026-05-09 16:48:22.475122] iteration       72/     100 | consumed samples:        18432 | elapsed time per iteration (ms): 907.8 | throughput per GPU (TFLOP/s/GPU): 356.4 | tokens/sec/GPU: 72196 | learning rate: 1.902965E-04 | global batch size:   256 | lm loss: 5.498188E+00 | loss scale: 1.0 | grad norm: 0.551 | number of skipped iterations:   0 | number of nan iterations:   0 |
3: [default3]: [2026-05-09 16:48:23.389205] iteration       73/     100 | consumed samples:        18688 | elapsed time per iteration (ms): 913.9 | throughput per GPU (TFLOP/s/GPU): 354.0 | tokens/sec/GPU: 71707 | learning rate: 1.819200E-04 | global batch size:   256 | lm loss: 5.611154E+00 | loss scale: 1.0 | grad norm: 0.639 | number of skipped iterations:   0 | number of nan iterations:   0 |
3: [default3]: [2026-05-09 16:48:24.294857] iteration       74/     100 | consumed samples:        18944 | elapsed time per iteration (ms): 905.5 | throughput per GPU (TFLOP/s/GPU): 357.3 | tokens/sec/GPU: 72375 | learning rate: 1.734767E-04 | global batch size:   256 | lm loss: 5.529334E+00 | loss scale: 1.0 | grad norm: 0.537 | number of skipped iterations:   0 | number of nan iterations:   0 |
3: [default3]: [2026-05-09 16:48:25.205213] iteration       75/     100 | consumed samples:        19200 | elapsed time per iteration (ms): 910.2 | throughput per GPU (TFLOP/s/GPU): 355.5 | tokens/sec/GPU: 72002 | learning rate: 1.650000E-04 | global batch size:   256 | lm loss: 5.464831E+00 | loss scale: 1.0 | grad norm: 0.527 | number of skipped iterations:   0 | number of nan iterations:   0 |
3: [default3]: [2026-05-09 16:48:26.114571] iteration       76/     100 | consumed samples:        19456 | elapsed time per iteration (ms): 909.2 | throughput per GPU (TFLOP/s/GPU): 355.9 | tokens/sec/GPU: 72081 | learning rate: 1.565233E-04 | global batch size:   256 | lm loss: 5.503990E+00 | loss scale: 1.0 | grad norm: 0.424 | number of skipped iterations:   0 | number of nan iterations:   0 |
3: [default3]: [2026-05-09 16:48:27.027549] iteration       77/     100 | consumed samples:        19712 | elapsed time per iteration (ms): 912.8 | throughput per GPU (TFLOP/s/GPU): 354.4 | tokens/sec/GPU: 71795 | learning rate: 1.480800E-04 | global batch size:   256 | lm loss: 5.437737E+00 | loss scale: 1.0 | grad norm: 0.489 | number of skipped iterations:   0 | number of nan iterations:   0 |
3: [default3]: [2026-05-09 16:48:27.934209] iteration       78/     100 | consumed samples:        19968 | elapsed time per iteration (ms): 906.5 | throughput per GPU (TFLOP/s/GPU): 356.9 | tokens/sec/GPU: 72296 | learning rate: 1.397035E-04 | global batch size:   256 | lm loss: 5.417961E+00 | loss scale: 1.0 | grad norm: 0.640 | number of skipped iterations:   0 | number of nan iterations:   0 |
3: [default3]: [2026-05-09 16:48:28.845646] iteration       79/     100 | consumed samples:        20224 | elapsed time per iteration (ms): 911.3 | throughput per GPU (TFLOP/s/GPU): 355.0 | tokens/sec/GPU: 71918 | learning rate: 1.314269E-04 | global batch size:   256 | lm loss: 5.385178E+00 | loss scale: 1.0 | grad norm: 0.711 | number of skipped iterations:   0 | number of nan iterations:   0 |
3: [default3]: [2026-05-09 16:48:29.756615] iteration       80/     100 | consumed samples:        20480 | elapsed time per iteration (ms): 910.8 | throughput per GPU (TFLOP/s/GPU): 355.2 | tokens/sec/GPU: 71954 | learning rate: 1.232827E-04 | global batch size:   256 | lm loss: 5.484147E+00 | loss scale: 1.0 | grad norm: 0.413 | number of skipped iterations:   0 | number of nan iterations:   0 |
3: [default3]: [2026-05-09 16:48:30.668519] iteration       81/     100 | consumed samples:        20736 | elapsed time per iteration (ms): 911.8 | throughput per GPU (TFLOP/s/GPU): 354.9 | tokens/sec/GPU: 71879 | learning rate: 1.153032E-04 | global batch size:   256 | lm loss: 5.381690E+00 | loss scale: 1.0 | grad norm: 0.460 | number of skipped iterations:   0 | number of nan iterations:   0 |
3: [default3]: [2026-05-09 16:48:31.577607] iteration       82/     100 | consumed samples:        20992 | elapsed time per iteration (ms): 908.9 | throughput per GPU (TFLOP/s/GPU): 356.0 | tokens/sec/GPU: 72102 | learning rate: 1.075198E-04 | global batch size:   256 | lm loss: 5.317297E+00 | loss scale: 1.0 | grad norm: 0.440 | number of skipped iterations:   0 | number of nan iterations:   0 |
3: [default3]: [2026-05-09 16:48:32.490491] iteration       83/     100 | consumed samples:        21248 | elapsed time per iteration (ms): 912.7 | throughput per GPU (TFLOP/s/GPU): 354.5 | tokens/sec/GPU: 71802 | learning rate: 9.996325E-05 | global batch size:   256 | lm loss: 5.356229E+00 | loss scale: 1.0 | grad norm: 0.387 | number of skipped iterations:   0 | number of nan iterations:   0 |
3: [default3]: [2026-05-09 16:48:33.396254] iteration       84/     100 | consumed samples:        21504 | elapsed time per iteration (ms): 905.6 | throughput per GPU (TFLOP/s/GPU): 357.3 | tokens/sec/GPU: 72367 | learning rate: 9.266338E-05 | global batch size:   256 | lm loss: 5.366455E+00 | loss scale: 1.0 | grad norm: 0.500 | number of skipped iterations:   0 | number of nan iterations:   0 |
3: [default3]: [2026-05-09 16:48:34.302300] iteration       85/     100 | consumed samples:        21760 | elapsed time per iteration (ms): 905.9 | throughput per GPU (TFLOP/s/GPU): 357.2 | tokens/sec/GPU: 72346 | learning rate: 8.564899E-05 | global batch size:   256 | lm loss: 5.310916E+00 | loss scale: 1.0 | grad norm: 0.878 | number of skipped iterations:   0 | number of nan iterations:   0 |
3: [default3]: [2026-05-09 16:48:35.212852] iteration       86/     100 | consumed samples:        22016 | elapsed time per iteration (ms): 910.4 | throughput per GPU (TFLOP/s/GPU): 355.4 | tokens/sec/GPU: 71987 | learning rate: 7.894776E-05 | global batch size:   256 | lm loss: 5.267248E+00 | loss scale: 1.0 | grad norm: 0.387 | number of skipped iterations:   0 | number of nan iterations:   0 |
3: [default3]: [2026-05-09 16:48:36.123484] iteration       87/     100 | consumed samples:        22272 | elapsed time per iteration (ms): 910.5 | throughput per GPU (TFLOP/s/GPU): 355.4 | tokens/sec/GPU: 71980 | learning rate: 7.258614E-05 | global batch size:   256 | lm loss: 5.233038E+00 | loss scale: 1.0 | grad norm: 0.363 | number of skipped iterations:   0 | number of nan iterations:   0 |
3: [default3]: [2026-05-09 16:48:37.027462] iteration       88/     100 | consumed samples:        22528 | elapsed time per iteration (ms): 903.8 | throughput per GPU (TFLOP/s/GPU): 358.0 | tokens/sec/GPU: 72511 | learning rate: 6.658924E-05 | global batch size:   256 | lm loss: 5.344996E+00 | loss scale: 1.0 | grad norm: 0.404 | number of skipped iterations:   0 | number of nan iterations:   0 |
3: [default3]: [2026-05-09 16:48:37.935740] iteration       89/     100 | consumed samples:        22784 | elapsed time per iteration (ms): 908.1 | throughput per GPU (TFLOP/s/GPU): 356.3 | tokens/sec/GPU: 72166 | learning rate: 6.098071E-05 | global batch size:   256 | lm loss: 5.297969E+00 | loss scale: 1.0 | grad norm: 0.296 | number of skipped iterations:   0 | number of nan iterations:   0 |
3: [default3]: [2026-05-09 16:48:38.846243] iteration       90/     100 | consumed samples:        23040 | elapsed time per iteration (ms): 910.3 | throughput per GPU (TFLOP/s/GPU): 355.4 | tokens/sec/GPU: 71992 | learning rate: 5.578270E-05 | global batch size:   256 | lm loss: 5.283964E+00 | loss scale: 1.0 | grad norm: 0.349 | number of skipped iterations:   0 | number of nan iterations:   0 |
3: [default3]: [2026-05-09 16:48:39.752862] iteration       91/     100 | consumed samples:        23296 | elapsed time per iteration (ms): 906.5 | throughput per GPU (TFLOP/s/GPU): 356.9 | tokens/sec/GPU: 72299 | learning rate: 5.101573E-05 | global batch size:   256 | lm loss: 5.242583E+00 | loss scale: 1.0 | grad norm: 0.328 | number of skipped iterations:   0 | number of nan iterations:   0 |
3: [default3]: [2026-05-09 16:48:40.660806] iteration       92/     100 | consumed samples:        23552 | elapsed time per iteration (ms): 907.8 | throughput per GPU (TFLOP/s/GPU): 356.4 | tokens/sec/GPU: 72193 | learning rate: 4.669860E-05 | global batch size:   256 | lm loss: 5.197324E+00 | loss scale: 1.0 | grad norm: 0.309 | number of skipped iterations:   0 | number of nan iterations:   0 |
3: [default3]: [2026-05-09 16:48:41.568826] iteration       93/     100 | consumed samples:        23808 | elapsed time per iteration (ms): 907.9 | throughput per GPU (TFLOP/s/GPU): 356.4 | tokens/sec/GPU: 72187 | learning rate: 4.284835E-05 | global batch size:   256 | lm loss: 5.237972E+00 | loss scale: 1.0 | grad norm: 0.287 | number of skipped iterations:   0 | number of nan iterations:   0 |
3: [default3]: [2026-05-09 16:48:42.473847] iteration       94/     100 | consumed samples:        24064 | elapsed time per iteration (ms): 904.9 | throughput per GPU (TFLOP/s/GPU): 357.6 | tokens/sec/GPU: 72426 | learning rate: 3.948018E-05 | global batch size:   256 | lm loss: 5.289948E+00 | loss scale: 1.0 | grad norm: 0.305 | number of skipped iterations:   0 | number of nan iterations:   0 |
3: [default3]: [2026-05-09 16:48:43.378017] iteration       95/     100 | consumed samples:        24320 | elapsed time per iteration (ms): 904.0 | throughput per GPU (TFLOP/s/GPU): 357.9 | tokens/sec/GPU: 72493 | learning rate: 3.660737E-05 | global batch size:   256 | lm loss: 5.192453E+00 | loss scale: 1.0 | grad norm: 0.274 | number of skipped iterations:   0 | number of nan iterations:   0 |
3: [default3]: [2026-05-09 16:48:44.288738] iteration       96/     100 | consumed samples:        24576 | elapsed time per iteration (ms): 910.6 | throughput per GPU (TFLOP/s/GPU): 355.3 | tokens/sec/GPU: 71972 | learning rate: 3.424127E-05 | global batch size:   256 | lm loss: 5.178404E+00 | loss scale: 1.0 | grad norm: 1.766 | number of skipped iterations:   0 | number of nan iterations:   0 |
3: [default3]: [2026-05-09 16:48:45.199493] iteration       97/     100 | consumed samples:        24832 | elapsed time per iteration (ms): 910.5 | throughput per GPU (TFLOP/s/GPU): 355.3 | tokens/sec/GPU: 71976 | learning rate: 3.239122E-05 | global batch size:   256 | lm loss: 5.212264E+00 | loss scale: 1.0 | grad norm: 0.348 | number of skipped iterations:   0 | number of nan iterations:   0 |
3: [default3]: [2026-05-09 16:48:46.109501] iteration       98/     100 | consumed samples:        25088 | elapsed time per iteration (ms): 909.9 | throughput per GPU (TFLOP/s/GPU): 355.6 | tokens/sec/GPU: 72029 | learning rate: 3.106452E-05 | global batch size:   256 | lm loss: 5.133425E+00 | loss scale: 1.0 | grad norm: 0.261 | number of skipped iterations:   0 | number of nan iterations:   0 |
3: [default3]: [2026-05-09 16:48:47.018328] iteration       99/     100 | consumed samples:        25344 | elapsed time per iteration (ms): 908.6 | throughput per GPU (TFLOP/s/GPU): 356.1 | tokens/sec/GPU: 72125 | learning rate: 3.026639E-05 | global batch size:   256 | lm loss: 5.243598E+00 | loss scale: 1.0 | grad norm: 0.303 | number of skipped iterations:   0 | number of nan iterations:   0 |
3: [default3]: [2026-05-09 16:48:47.926564] iteration      100/     100 | consumed samples:        25600 | elapsed time per iteration (ms): 908.1 | throughput per GPU (TFLOP/s/GPU): 356.3 | tokens/sec/GPU: 72170 | learning rate: 3.000000E-05 | global batch size:   256 | lm loss: 5.222610E+00 | loss scale: 1.0 | grad norm: 0.287 | number of skipped iterations:   0 | number of nan iterations:   0 |
0: [default0]:[after training is done] datetime: 2026-05-09 16:48:47.944934 
0: [default0]:WARNING:megatron.core.rerun_state_machine:Setting RerunStateMachine mode RerunMode.DISABLED
0: [default0]:Evaluating on 1280 samples
0: [default0]:Evaluating iter 1/5
0: [default0]:Evaluating iter 2/5
0: [default0]:Evaluating iter 3/5
0: [default0]:Evaluating iter 4/5
0: [default0]:Evaluating iter 5/5
0: [default0]:WARNING:megatron.core.rerun_state_machine:Setting RerunStateMachine mode RerunMode.VALIDATE_RESULTS
3: [default3]:INFO:megatron.core.timers:(min, max) time across ranks (ms):
3: [default3]:    evaluate .......................................: (2474.01, 2474.20)
3: [default3]:-----------------------------------------------------------------------------------------------------------------
3: [default3]: validation loss at iteration 100 on validation set | lm loss value: 5.417141E+00 | lm loss PPL: 2.252344E+02 | 
3: [default3]:-----------------------------------------------------------------------------------------------------------------
END TIME: Sat May  9 16:48:58 CEST 2026
